43DDC043-F360-45CA-88EF-E95002E30DF2,ZSSPU,B733,28.9,31,2015-08-01 18:20:00.0000000,116,03R,C5,1,2015-08-02 05:20:00.0000000,107,21R,C5,1,1,1,NULL,2015-08-01 17:58:00.0000000,2015-08-01 18:20:00.0000000,2015-08-01 18:06:00.0000000,2015-08-02 05:20:00.0000000,2015-08-02 05:20:00.0000000,NULL,2015-08-02 05:32:00.0000000,-14,0,FACT,FACT,FAJS,FACT,S8,S8
1BF2E469-59C3-4583-B34A-13536875B198,5YCYB,B738,34.3,38.5,2015-08-01 23:00:00.0000000,764,21L,A5,1,2015-08-01 23:50:00.0000000,765,21R,A5,1,1,1,NULL,2015-08-01 22:49:00.0000000,2015-08-01 23:00:00.0000000,2015-08-01 22:59:00.0000000,2015-08-01 23:50:00.0000000,2015-08-01 23:50:00.0000000,NULL,2015-08-02 00:08:00.0000000,-1,0,HKNA,HKNA,FAJS,HKNA,KQ,KQ
340E18D6-543D-4AA7-9C58-37D16AC9BAEB,ZSSJK,B738,34.3,38.5,2015-08-02 03:00:00.0000000,926H,21R,E13,1,2015-08-02 05:00:00.0000000,926,21R,E13,1,1,1,NULL,2015-08-02 01:57:00.0000000,2015-08-02 03:00:00.0000000,2015-08-02 02:07:00.0000000,2015-08-02 05:00:00.0000000,2015-08-02 05:08:00.0000000,NULL,2015-08-02 05:20:00.0000000,-53,8,LOC#,LOC#,FAJS,HTZA,JE,JE
31554A35-129F-482D-AEBC-0BE7047F6CBB,ZSSNV,E135,20,26.3,2015-08-02 03:30:00.0000000,843H,21R,C14,1,2015-08-02 04:30:00.0000000,160,21R,C14,1,1,1,NULL,2015-08-02 03:03:00.0000000,2015-08-02 03:30:00.0000000,2015-08-02 03:10:00.0000000,2015-08-02 04:30:00.0000000,2015-08-02 05:18:00.0000000,NULL,2015-08-02 05:36:00.0000000,-20,48,LOC#,LOC#,FAJS,FLLS,SA8,SA8
5E8210C5-4F56-43FB-87A5-2E9C7057E4EC,ZSZWT,B738,34.3,38.5,2015-08-02 03:50:00.0000000,903H,21R,A10,1,2015-08-02 04:50:00.0000000,903,21R,A10,1,1,1,NULL,2015-08-02 02:33:00.0000000,2015-08-02 03:50:00.0000000,2015-08-02 02:37:00.0000000,2015-08-02 04:50:00.0000000,2015-08-02 05:18:00.0000000,NULL,2015-08-02 05:34:00.0000000,-73,28,LOC#,LOC#,FAJS,FAGG,MN,MN
C9D42BED-F27E-4162-AE9C-2B402ADD8783,ZSSFJ,A319,34.1,33.8,2015-08-02 04:00:00.0000000,307H,21R,C3,1,2015-08-02 05:00:00.0000000,307,21R,C3,1,1,1,NULL,2015-08-02 01:50:00.0000000,2015-08-02 04:00:00.0000000,2015-08-02 01:52:00.0000000,2015-08-02 05:00:00.0000000,2015-08-02 05:00:00.0000000,NULL,2015-08-02 05:15:00.0000000,-128,0,LOC#,LOC#,FAJS,FACT,SA,SA
DBD86FE5-1ADB-4C4C-A739-CA0D8C6E5F03,ZSTBH,CRJ7,23.2,32.5,2015-08-02 04:10:00.0000000,453H,21R,B5,1,2015-08-02 05:10:00.0000000,453,21R,B5,1,1,1,NULL,2015-08-02 02:34:00.0000000,2015-08-02 04:10:00.0000000,2015-08-02 02:37:00.0000000,2015-08-02 05:10:00.0000000,2015-08-02 05:10:00.0000000,NULL,2015-08-02 05:23:00.0000000,-93,0,LOC#,LOC#,FAJS,FAPE,SA1,SA1
DACBD3C7-EFF1-4A6C-88FD-BAEB63B49FA5,BKQD,B7ER,64.8,73.9,2015-08-02 04:25:00.0000000,749,21L,A1R,1,2015-08-02 10:30:00.0000000,748,21R,A1R,1,1,1,NULL,2015-08-02 04:47:00.0000000,2015-08-02 04:25:00.0000000,2015-08-02 04:54:00.0000000,2015-08-02 10:30:00.0000000,2015-08-02 10:22:00.0000000,NULL,2015-08-02 10:32:00.0000000,29,-8,VHHH,VHHH,FAJS,VHHH,CX,CX
75DE3D15-8218-4112-ABA9-6C7EB4BC8A3F,ZSSJM,B738,34.3,38.5,2015-08-02 04:40:00.0000000,192H,21R,D45,1,2015-08-02 06:40:00.0000000,192,21R,D45,1,1,1,NULL,2015-08-02 01:34:00.0000000,2015-08-02 04:40:00.0000000,2015-08-02 01:37:00.0000000,2015-08-02 06:40:00.0000000,2015-08-02 06:41:00.0000000,NULL,2015-08-02 06:52:00.0000000,-183,1,LOC#,LOC#,FAJS,FIMP,SA,SA
989A787A-BD60-4D47-B123-68B3F0D4CC31,ZSYBW,DH8D,28.4,32.8,2015-08-02 04:55:00.0000000,763H,21R,C22,1,2015-08-02 05:55:00.0000000,763,21R,C22,1,1,1,NULL,2015-08-02 00:48:00.0000000,2015-08-02 04:55:00.0000000,2015-08-02 00:49:00.0000000,2015-08-02 05:55:00.0000000,2015-08-02 06:02:00.0000000,NULL,2015-08-02 06:18:00.0000000,-246,7,LOC#,LOC#,FAJS,FBSK,SA1,SA1
91FC8E88-358F-4911-9FD1-ECC970903428,9VSVE,B772,60.9,63.7,2015-08-02 04:55:00.0000000,478,21R,E6,2,2015-08-02 11:45:00.0000000,479,21R,E6,1,2,2,NULL,2015-08-02 05:09:00.0000000,2015-08-02 04:55:00.0000000,2015-08-02 05:15:00.0000000,2015-08-02 11:45:00.0000000,2015-08-02 11:45:00.0000000,NULL,2015-08-02 11:56:00.0000000,20,0,WSSS,WSSS,FAJS,WSSS,SQ,SQ
21CA7A1D-C153-43A9-865F-5DC1C0A04E5A,ZSYBR,DH8D,28.4,32.8,2015-08-02 05:00:00.0000000,003H,21R,C16,1,2015-08-02 06:00:00.0000000,003,21R,C16,1,1,1,NULL,2015-08-02 05:20:00.0000000,2015-08-02 05:00:00.0000000,2015-08-02 05:30:00.0000000,2015-08-02 06:00:00.0000000,2015-08-02 05:57:00.0000000,NULL,2015-08-02 06:10:00.0000000,30,-3,LOC#,LOC#,FAJS,FABL,SA1,SA1
756E25F4-4C62-45D7-83A4-D39B309E3AEC,ZSSZJ,A320,34.1,37.6,2015-08-02 05:00:00.0000000,535H,21R,C4,1,2015-08-02 06:00:00.0000000,535,21R,C4,1,1,1,NULL,2015-08-02 01:18:00.0000000,2015-08-02 05:00:00.0000000,2015-08-02 01:21:00.0000000,2015-08-02 06:00:00.0000000,2015-08-02 05:54:00.0000000,NULL,2015-08-02 06:08:00.0000000,-219,-6,LOC#,LOC#,FAJS,FADN,SA,SA
4379C9E4-8EE3-44D6-A86C-A33B7807824A,ZSZWQ,B738,34.3,38.5,2015-08-02 05:10:00.0000000,117H,21R,A13,1,2015-08-02 06:10:00.0000000,117,21R,A13,1,1,1,NULL,2015-08-02 02:17:00.0000000,2015-08-02 05:10:00.0000000,2015-08-02 02:19:00.0000000,2015-08-02 06:10:00.0000000,2015-08-02 06:04:00.0000000,NULL,2015-08-02 06:21:00.0000000,-171,-6,LOC#,LOC#,FAJS,FACT,MN,MN
61BEA5D4-826D-4ED5-AF27-84E0188B014B,GXLEC,A388,79.8,72.7,2015-08-02 05:10:00.0000000,055,21R,E3,2,2015-08-02 17:20:00.0000000,056,21R,E3,1,2,2,NULL,2015-08-02 05:24:00.0000000,2015-08-02 05:10:00.0000000,2015-08-02 05:37:00.0000000,2015-08-02 17:20:00.0000000,2015-08-02 17:52:00.0000000,NULL,2015-08-02 18:10:00.0000000,27,32,EGLL,EGLL,FAJS,EGLL,BA,BA
B4DA388F-F5BC-43DB-A5B4-2E22BF3D1F02,SUGCF,A330,60.3,58.8,2015-08-02 05:10:00.0000000,839,21R,E3,2,2015-08-02 19:45:00.0000000,840,21R,E3,1,2,2,NULL,2015-08-02 05:20:00.0000000,2015-08-02 05:10:00.0000000,2015-08-02 05:27:00.0000000,2015-08-02 19:45:00.0000000,2015-08-02 19:33:00.0000000,NULL,2015-08-02 19:45:00.0000000,17,-12,HECA,HECA,FAJS,HECA,MS,MS
1ADE6388-5E6E-4B4D-AE5C-5D6D213E48F2,ZSOAT,B734,28.9,36,2015-08-02 05:15:00.0000000,233H,21R,C1,1,2015-08-02 06:15:00.0000000,233,21R,C1,1,1,1,NULL,2015-08-02 04:41:00.0000000,2015-08-02 05:15:00.0000000,2015-08-02 04:45:00.0000000,2015-08-02 06:15:00.0000000,2015-08-02 06:11:00.0000000,NULL,2015-08-02 06:25:00.0000000,-30,-4,LOC#,LOC#,FAJS,FAPE,BA6,BA6
66D792A4-CBED-481E-8310-9822A4515E94,ZSSXW,A330,60.3,58.8,2015-08-02 05:15:00.0000000,235,21R,A9,1,2015-08-02 07:30:00.0000000,278,21R,A9,1,1,1,NULL,2015-08-02 05:10:00.0000000,2015-08-02 05:15:00.0000000,2015-08-02 05:17:00.0000000,2015-08-02 07:30:00.0000000,2015-08-02 07:29:00.0000000,NULL,2015-08-02 07:46:00.0000000,2,-1,EGLL,EGLL,FAJS,OMAA,SA,SA
500E68DB-A79B-4E6C-B565-9A9BE00331BF,ZSYBX,DH8D,28.4,32.8,2015-08-02 05:20:00.0000000,103H,21R,C19,1,2015-08-02 07:20:00.0000000,103,21R,C19,1,1,1,NULL,2015-08-02 05:56:00.0000000,2015-08-02 05:20:00.0000000,2015-08-02 06:00:00.0000000,2015-08-02 07:20:00.0000000,2015-08-02 07:39:00.0000000,NULL,2015-08-02 07:51:00.0000000,40,19,LOC#,LOC#,FAJS,FAKM,SA1,SA1
6BD65D5A-A1EE-4660-A90D-1B018B71541B,ZSSZZ,A320,34.1,37.6,2015-08-02 05:40:00.0000000,528,21L,C6,1,2015-08-02 08:15:00.0000000,543,21R,C6,1,1,1,NULL,2015-08-02 05:27:00.0000000,2015-08-02 05:40:00.0000000,2015-08-02 05:33:00.0000000,2015-08-02 08:15:00.0000000,2015-08-02 08:15:00.0000000,NULL,2015-08-02 08:28:00.0000000,-7,0,FADN,FADN,FAJS,FADN,SA,SA
F1084A11-235A-4B86-BD5E-19807380B0D9,ZSSFL,A319,34.1,33.8,2015-08-02 05:45:00.0000000,378,21L,C3,1,2015-08-02 06:25:00.0000000,313,21R,C3,1,1,1,NULL,2015-08-02 05:17:00.0000000,2015-08-02 05:45:00.0000000,2015-08-02 05:29:00.0000000,2015-08-02 06:25:00.0000000,2015-08-02 06:20:00.0000000,NULL,2015-08-02 06:31:00.0000000,-16,-5,FACT,FACT,FAJS,FACT,SA,SA
2B35E0BF-9D7C-48D0-9016-B85F2D7CA636,ZSSJF,B738,34.3,38.5,2015-08-02 05:50:00.0000000,402,21L,B5,1,2015-08-02 08:25:00.0000000,190,21R,B5,1,1,1,NULL,2015-08-02 05:23:00.0000000,2015-08-02 05:50:00.0000000,2015-08-02 05:34:00.0000000,2015-08-02 08:25:00.0000000,2015-08-02 08:26:00.0000000,NULL,2015-08-02 08:38:00.0000000,-16,1,FAPE,FAPE,FAJS,FIMP,SA,SA
191338AB-72B6-47CA-A6DC-3CD6D93C8E5F,ZSSFI,A319,34.1,33.8,2015-08-02 06:00:00.0000000,302,21L,D40,1,2015-08-02 07:30:00.0000000,074,21R,D40,1,1,1,NULL,2015-08-02 05:31:00.0000000,2015-08-02 06:00:00.0000000,2015-08-02 05:39:00.0000000,2015-08-02 07:30:00.0000000,2015-08-02 07:33:00.0000000,NULL,2015-08-02 07:44:00.0000000,-21,3,FACT,FACT,FAJS,FYWH,SA,SA
03EC98B0-84D7-4A27-8CD0-3AF28792F453,ZSSNZ,E135,20,26.3,2015-08-02 06:00:00.0000000,843Ha,21R,C14,1,2015-08-02 08:00:00.0000000,843,21R,C14,1,1,1,NULL,2015-08-02 05:48:00.0000000,2015-08-02 06:00:00.0000000,2015-08-02 05:49:00.0000000,2015-08-02 08:00:00.0000000,2015-08-02 08:05:00.0000000,NULL,2015-08-02 08:17:00.0000000,-11,5,LOC#,LOC#,FAJS,FAKN,SA8,SA8
C3F4E708-048E-4826-9F72-3004041555D2,ZSSZF,A320,34.1,37.6,2015-08-02 06:10:00.0000000,184H,21R,E13,1,2015-08-02 08:10:00.0000000,184,21R,E13,1,1,1,NULL,2015-08-02 05:39:00.0000000,2015-08-02 06:10:00.0000000,2015-08-02 05:45:00.0000000,2015-08-02 08:10:00.0000000,2015-08-02 08:31:00.0000000,NULL,2015-08-02 08:43:00.0000000,-25,21,LOC#,LOC#,FAJS,HKNA,SA,SA
57B167DC-3F16-4524-A5ED-3A8CE143C335,ZSZWC,B738,34.3,38.5,2015-08-02 06:15:00.0000000,636,21R,A11,1,2015-08-02 07:00:00.0000000,133,21R,A11,1,1,1,NULL,2015-08-02 06:02:00.0000000,2015-08-02 06:15:00.0000000,2015-08-02 06:07:00.0000000,2015-08-02 07:00:00.0000000,2015-08-02 07:00:00.0000000,NULL,2015-08-02 07:15:00.0000000,-8,0,FADN,FADN,FAJS,FACT,MN,MN
A748DFF6-F4DB-4B1D-B9CE-ADE48D5D92FA,ZSZWR,B738,34.3,38.5,2015-08-02 06:15:00.0000000,413H,21R,C2,1,2015-08-02 07:15:00.0000000,413,21R,C2,1,1,1,NULL,2015-08-02 04:31:00.0000000,2015-08-02 06:15:00.0000000,2015-08-02 04:32:00.0000000,2015-08-02 07:15:00.0000000,2015-08-02 07:21:00.0000000,NULL,2015-08-02 07:33:00.0000000,-103,6,LOC#,LOC#,FAJS,FACT,BA6,BA6
A125A34F-A62C-4FC6-B210-01F2BF7D23AC,ZSLEB,C208,0,0,2015-08-02 06:20:00.0000000,LEB,21L,G3,0,2015-08-02 06:50:00.0000000,LEB,21R,G3,1,0,0,NULL,2015-08-02 06:36:00.0000000,2015-08-02 06:20:00.0000000,2015-08-02 06:48:00.0000000,2015-08-02 06:50:00.0000000,2015-08-02 06:55:00.0000000,NULL,2015-08-02 07:02:00.0000000,28,5,FALA,FALA,FAJS,FALA,6844,6844
2B71820F-0F85-41ED-9480-CDB616017B1C,LXRCV,B744,59.6,70.6,2015-08-02 06:25:00.0000000,714,21L,D3A,0,2015-08-02 16:45:00.0000000,715,21R,D3A,1,0,0,NULL,2015-08-02 07:20:00.0000000,2015-08-02 06:25:00.0000000,2015-08-02 07:32:00.0000000,2015-08-02 16:45:00.0000000,2015-08-02 10:25:00.0000000,NULL,2015-08-02 10:42:00.0000000,67,-380,ELLX,ELLX,FAJS,ELLX,CV,CV
E2BA3D34-3B0B-4C1D-A9E9-F9D9BDFA3B3B,ZSOAF,B734,28.9,36,2015-08-02 06:30:00.0000000,911H,21R,A10,1,2015-08-02 07:30:00.0000000,911,21R,A10,1,1,1,NULL,2015-08-02 06:14:00.0000000,2015-08-02 06:30:00.0000000,2015-08-02 06:27:00.0000000,2015-08-02 07:30:00.0000000,2015-08-02 07:29:00.0000000,NULL,2015-08-02 07:48:00.0000000,-3,-1,LOC#,LOC#,FAJS,FAGG,MN,MN
AE061843-8D8C-45C3-B040-F2788D22DE66,ZSSND,A346,63.5,75.3,2015-08-02 06:30:00.0000000,204,21L,A6,0,2015-08-02 08:30:00.0000000,204H,21L,A6,1,0,0,NULL,2015-08-02 06:24:00.0000000,2015-08-02 06:30:00.0000000,2015-08-02 06:29:00.0000000,2015-08-02 08:30:00.0000000,2015-08-02 07:41:00.0000000,NULL,2015-08-02 07:52:00.0000000,-1,-49,KJFK,KJFK,FAJS,LOC#,SA,SA
9B610793-7BCC-48F4-B137-943E70D625CC,ZSSFL,A319,34.1,33.8,2015-08-02 06:40:00.0000000,147,21L,A7,1,2015-08-02 08:50:00.0000000,040,21R,A7,1,1,1,NULL,2015-08-02 06:46:00.0000000,2015-08-02 06:40:00.0000000,2015-08-02 06:55:00.0000000,2015-08-02 08:50:00.0000000,2015-08-02 09:08:00.0000000,NULL,2015-08-02 09:24:00.0000000,15,18,FQMA,FQMA,FAJS,FVFA,SA,SA
95D43304-F289-4764-BEE8-7C7859C9EA93,DAIMG,380,79.8,72.7,2015-08-02 06:40:00.0000000,572,21L,E9,2,2015-08-02 17:15:00.0000000,573,21R,E9,1,2,2,NULL,2015-08-02 06:38:00.0000000,2015-08-02 06:40:00.0000000,2015-08-02 06:49:00.0000000,2015-08-02 17:15:00.0000000,2015-08-02 17:21:00.0000000,NULL,2015-08-02 17:37:00.0000000,9,6,EDDF,EDDF,FAJS,EDDF,LH,LH
69DF2405-DA84-42D0-9C1D-EA49716D0E0F,ZWPN,A320,34.1,37.6,2015-08-02 06:45:00.0000000,467,21L,D17,1,2015-08-02 17:00:00.0000000,462,21R,D17,1,1,1,NULL,2015-08-02 06:32:00.0000000,2015-08-02 06:45:00.0000000,2015-08-02 06:47:00.0000000,2015-08-02 17:00:00.0000000,2015-08-02 17:00:00.0000000,NULL,2015-08-02 17:16:00.0000000,2,0,FVHA,FVHA,FAJS,FVHA,UM,UM
570D1E38-F298-4FEF-A0D2-B5A926566139,ZSTFL,E135,20,26.3,2015-08-02 06:55:00.0000000,861H,21R,C10,1,2015-08-02 07:55:00.0000000,861,21R,C10,1,1,1,NULL,2015-08-02 02:27:00.0000000,2015-08-02 06:55:00.0000000,2015-08-02 02:28:00.0000000,2015-08-02 07:55:00.0000000,2015-08-02 07:55:00.0000000,NULL,2015-08-02 08:07:00.0000000,-267,0,LOC#,LOC#,FAJS,FASZ,SA8,SA8
21A3D6F4-71FE-4316-AF91-9E92EE66A494,ZSSJN,B738,34.3,38.5,2015-08-02 07:00:00.0000000,306,21L,B10,1,2015-08-02 08:00:00.0000000,172,21R,B10,1,1,1,NULL,2015-08-02 06:47:00.0000000,2015-08-02 07:00:00.0000000,2015-08-02 06:57:00.0000000,2015-08-02 08:00:00.0000000,2015-08-02 08:14:00.0000000,NULL,2015-08-02 08:29:00.0000000,-3,14,FACT,FACT,FAJS,FWCL,SA,SA
31231898-0AC0-429E-9D9E-95B6DE35BAA1,ZSSZG,A320,34.1,37.6,2015-08-02 07:05:00.0000000,471H,21R,C4,1,2015-08-02 08:05:00.0000000,471,21R,C4,1,1,1,NULL,2015-08-02 06:22:00.0000000,2015-08-02 07:05:00.0000000,2015-08-02 06:26:00.0000000,2015-08-02 08:05:00.0000000,2015-08-02 08:06:00.0000000,NULL,2015-08-02 08:22:00.0000000,-39,1,LOC#,LOC#,FAJS,FAEL,SA,SA
125FE05C-900C-4BBE-86BF-CBC4170BBA13,GCIVN,B747,64.4,70.6,2015-08-02 07:05:00.0000000,057,21L,E6,2,2015-08-02 19:15:00.0000000,054,21R,E6,1,2,2,NULL,2015-08-02 06:51:00.0000000,2015-08-02 07:05:00.0000000,2015-08-02 07:00:00.0000000,2015-08-02 19:15:00.0000000,2015-08-02 19:13:00.0000000,NULL,2015-08-02 19:25:00.0000000,-5,-2,EGLL,EGLL,FAJS,EGLL,BA,BA
D01367EE-92BC-4B12-BBD7-E664292FD665,ZSSYT,E135,20,26.3,2015-08-02 07:15:00.0000000,081,21R,C11,1,2015-08-02 08:05:00.0000000,082,21R,C11,1,1,1,NULL,2015-08-02 06:41:00.0000000,2015-08-02 07:15:00.0000000,2015-08-02 06:46:00.0000000,2015-08-02 08:05:00.0000000,2015-08-02 08:02:00.0000000,NULL,2015-08-02 08:15:00.0000000,-29,-3,FDSK,FDSK,FAJS,FDSK,SA8,SA8
89E29A0C-6226-4D8E-B8F3-8B34A849B255,ZSNMS,DH8D,28.4,32.8,2015-08-02 07:15:00.0000000,225H,21R,C15,1,2015-08-02 08:15:00.0000000,225,21R,C15,1,1,1,NULL,2015-08-02 06:33:00.0000000,2015-08-02 07:15:00.0000000,2015-08-02 06:40:00.0000000,2015-08-02 08:15:00.0000000,2015-08-02 08:15:00.0000000,NULL,2015-08-02 08:30:00.0000000,-35,0,LOC#,LOC#,FAJS,FAHS,SA1,SA1
F5FDD13A-84AB-4C6E-9298-4F02D477E0DF,HBJMM,A343,60.3,63.6,2015-08-02 07:15:00.0000000,288,21L,A8,1,2015-08-02 17:30:00.0000000,289,21R,A8,1,1,1,NULL,2015-08-02 07:14:00.0000000,2015-08-02 07:15:00.0000000,2015-08-02 07:22:00.0000000,2015-08-02 17:30:00.0000000,2015-08-02 17:30:00.0000000,NULL,2015-08-02 17:48:00.0000000,7,0,LSZH,LSZH,FAJS,LSZH,LX,LX
51B90D9D-ED29-4149-A345-D17AE74D7E0F,ZSTCB,E135,20,26.3,2015-08-02 07:25:00.0000000,836,21L,B9,1,2015-08-02 09:00:00.0000000,767,21R,B9,1,1,1,NULL,2015-08-02 07:11:00.0000000,2015-08-02 07:25:00.0000000,2015-08-02 07:18:00.0000000,2015-08-02 09:00:00.0000000,2015-08-02 09:00:00.0000000,NULL,2015-08-02 09:10:00.0000000,-7,0,FAKN,FAKN,FAJS,FAUP,SA8,SA8
59E119C7-22B1-41A2-B2F1-492FBE69E245,ZSPKV,B734,28.9,37,2015-08-02 07:30:00.0000000,110,21L,C3,1,2015-08-02 08:25:00.0000000,115,21R,C3,1,1,1,NULL,2015-08-02 07:00:00.0000000,2015-08-02 07:30:00.0000000,2015-08-02 07:10:00.0000000,2015-08-02 08:25:00.0000000,2015-08-02 08:24:00.0000000,NULL,2015-08-02 08:34:00.0000000,-20,-1,FACT,FACT,FAJS,FACT,S8,S8
D088F587-1EE8-4F7C-9AE6-370B0BC1868C,ZSSZD,A320,34.1,37.6,2015-08-02 07:30:00.0000000,314,21L,D45,1,2015-08-02 08:40:00.0000000,048,21R,D45,1,1,1,NULL,2015-08-02 07:09:00.0000000,2015-08-02 07:30:00.0000000,2015-08-02 07:18:00.0000000,2015-08-02 08:40:00.0000000,2015-08-02 08:37:00.0000000,NULL,2015-08-02 08:48:00.0000000,-12,-3,FACT,FACT,FAJS,FLHN,SA,SA
6DFD65B7-78C2-47C3-8F95-56F9D7360A3F,ZSTCO,BA46,26.2,28.6,2015-08-02 07:30:00.0000000,732,21L,C21,1,2015-08-02 08:40:00.0000000,110,21R,C21,1,1,1,NULL,2015-08-02 07:42:00.0000000,2015-08-02 07:30:00.0000000,2015-08-02 07:50:00.0000000,2015-08-02 08:40:00.0000000,2015-08-02 08:57:00.0000000,NULL,2015-08-02 09:07:00.0000000,20,17,FAPM,FAPM,FAJS,FVBU,SA8,SA8
2AE491E9-3B45-4A67-9589-0686DFDDBF02,A2ABR,AT42,0,0,2015-08-02 07:30:00.0000000,207,21L,G3,1,2015-08-02 09:15:00.0000000,212,21R,G3,1,1,1,NULL,2015-08-02 07:24:00.0000000,2015-08-02 07:30:00.0000000,2015-08-02 07:36:00.0000000,2015-08-02 09:15:00.0000000,2015-08-02 09:15:00.0000000,NULL,2015-08-02 09:31:00.0000000,6,0,FBSK,FBSK,FAJS,FBMN,BP,BP
D91A6FE6-852B-47BE-99B3-91854DE8A155,TFAMU,B744,59.6,70.6,2015-08-02 07:40:00.0000000,947,21L,D22,0,2015-08-02 12:00:00.0000000,947,21R,D22,1,0,0,NULL,2015-08-02 06:58:00.0000000,2015-08-02 07:40:00.0000000,2015-08-02 07:09:00.0000000,2015-08-02 12:00:00.0000000,2015-08-02 11:50:00.0000000,NULL,2015-08-02 12:07:00.0000000,-31,-10,OEJN,OEJN,FAJS,OEJN,SV,SV
BC8E952A-5404-44F6-AAF4-74ACBF42CE9C,TCJNM,A333,60.3,63.7,2015-08-02 07:50:00.0000000,040,21L,A5,0,2015-08-02 08:50:00.0000000,040,21R,A5,1,0,0,NULL,2015-08-02 09:50:00.0000000,2015-08-02 07:50:00.0000000,2015-08-02 10:05:00.0000000,2015-08-02 08:50:00.0000000,2015-08-02 11:25:00.0000000,NULL,2015-08-02 11:35:00.0000000,135,155,LTBA,LTBA,FAJS,FACT,TK,TK
4759266E-8217-434B-B4DE-A2688F845410,ZSSBA,B733,28.9,31,2015-08-02 07:55:00.0000000,6842,21L,F1,0,2015-08-02 07:00:00.0000000,6764,21R,F1,1,0,0,NULL,2015-08-02 07:28:00.0000000,2015-08-02 07:55:00.0000000,2015-08-02 07:38:00.0000000,2015-08-02 07:00:00.0000000,2015-08-02 09:34:00.0000000,NULL,2015-08-02 09:47:00.0000000,-17,154,FAEL,FAEL,FAJS,HKNA,980,980
000FBD24-40FA-4082-ACD6-094DFBD3E342,FHPJD,A388,79.8,72.7,2015-08-02 08:00:00.0000000,990,21L,E6,2,2015-08-02 16:50:00.0000000,995,21R,E6,1,2,2,NULL,2015-08-02 08:14:00.0000000,2015-08-02 08:00:00.0000000,2015-08-02 08:26:00.0000000,2015-08-02 16:50:00.0000000,2015-08-02 16:50:00.0000000,NULL,2015-08-02 17:03:00.0000000,26,0,LFPG,LFPG,FAJS,LFPG,AF,AF
BD89D478-DA41-4064-BAE6-3AF80FCB0F38,ZSZWO,B738,34.3,38.5,2015-08-02 08:10:00.0000000,118,21L,A12,1,2015-08-02 08:50:00.0000000,135,21R,A12,1,1,1,NULL,2015-08-02 07:51:00.0000000,2015-08-02 08:10:00.0000000,2015-08-02 07:58:00.0000000,2015-08-02 08:50:00.0000000,2015-08-02 08:50:00.0000000,NULL,2015-08-02 09:10:00.0000000,-12,0,FACT,FACT,FAJS,FACT,MN,MN
837F76F0-FB2E-4670-8AFD-2DE66903E834,ZSOAM,B734,28.9,36,2015-08-02 08:10:00.0000000,267H,21R,E11,1,2015-08-02 10:20:00.0000000,267,21R,E11,1,1,1,NULL,2015-08-02 09:05:00.0000000,2015-08-02 08:10:00.0000000,2015-08-02 09:14:00.0000000,2015-08-02 10:20:00.0000000,2015-08-02 10:51:00.0000000,NULL,2015-08-02 11:03:00.0000000,64,31,LOC#,LOC#,FAJS,FVHA,BA6,BA6
C2762BC8-F0B1-4458-B7B1-B583BEC3D84B,ZSOAV,B734,28.9,36,2015-08-02 08:25:00.0000000,238,21L,B13,0,2015-08-02 10:00:00.0000000,275,21R,B13,1,0,0,NULL,2015-08-02 08:11:00.0000000,2015-08-02 08:25:00.0000000,2015-08-02 08:21:00.0000000,2015-08-02 10:00:00.0000000,2015-08-02 10:00:00.0000000,NULL,2015-08-02 10:15:00.0000000,-4,0,FAPE,FAPE,FAJS,FYWH,BA6,BA6
0389F547-A28A-4A47-B8D4-DC255517AE34,ETAPL,B738,34.3,38.5,2015-08-02 08:30:00.0000000,024,21L,A8,1,2015-08-02 09:25:00.0000000,027,21R,A8,1,1,1,NULL,2015-08-02 08:34:00.0000000,2015-08-02 08:30:00.0000000,2015-08-02 08:45:00.0000000,2015-08-02 09:25:00.0000000,2015-08-02 09:45:00.0000000,NULL,2015-08-02 10:02:00.0000000,15,20,FWLI,FWLI,FAJS,FWCL,3W,3W
7BF4BA91-C88A-4BA4-9FD0-83CD73BCB038,C9AUY,DH80,26,30,2015-08-02 08:35:00.0000000,311,21L,G7,1,2015-08-02 09:15:00.0000000,310,21R,G7,1,1,1,NULL,2015-08-02 10:03:00.0000000,2015-08-02 08:35:00.0000000,2015-08-02 10:13:00.0000000,2015-08-02 09:15:00.0000000,2015-08-02 11:10:00.0000000,NULL,2015-08-02 11:22:00.0000000,98,115,FQBR,FQBR,FAJS,FQMA,TM,TM
5D086305-86EB-4442-B7D4-E2DC51EB23AC,ZSOAP,B734,28.9,36,2015-08-02 08:45:00.0000000,224,21L,C6,1,2015-08-02 09:10:00.0000000,241,21R,C6,1,1,1,NULL,2015-08-02 08:31:00.0000000,2015-08-02 08:45:00.0000000,2015-08-02 08:42:00.0000000,2015-08-02 09:10:00.0000000,2015-08-02 09:39:00.0000000,NULL,2015-08-02 09:57:00.0000000,-3,29,FADN,FADN,FAJS,FAPE,BA6,BA6
B13BF111-2DC5-48C8-9A67-10ADAF2D9964,A6EBG,B7ER,64.8,73.9,2015-08-02 08:50:00.0000000,761,21L,A3,1,2015-08-02 11:50:00.0000000,762,21R,A3,1,1,1,NULL,2015-08-02 08:29:00.0000000,2015-08-02 08:50:00.0000000,2015-08-02 08:42:00.0000000,2015-08-02 11:50:00.0000000,2015-08-02 11:48:00.0000000,NULL,2015-08-02 14:06:00.0000000,-8,-2,OMDB,OMDB,FAJS,OMDB,EK,EK
F0B5FF0E-199C-4D18-AEE9-5214B971BFDE,ZSMMD,PAGL,0,0,2015-08-02 08:55:00.0000000,128,21L,G7,0,2015-08-02 09:50:00.0000000,128,21R,G7,1,0,0,NULL,2015-08-02 08:47:00.0000000,2015-08-02 08:55:00.0000000,2015-08-02 08:56:00.0000000,2015-08-02 09:50:00.0000000,2015-08-02 09:30:00.0000000,NULL,2015-08-02 09:40:00.0000000,1,-20,FAWB,FAWB,FAJS,FVFA,1908,1908
FCD9756B-EDC9-45BA-ABDA-7F7452EC96EE,ZSJRI,B734,28.9,36,2015-08-02 08:55:00.0000000,2003,21L,A11,0,2015-08-02 09:55:00.0000000,2003H,21L,A11,1,0,0,NULL,2015-08-02 08:18:00.0000000,2015-08-02 08:55:00.0000000,2015-08-02 08:25:00.0000000,2015-08-02 09:55:00.0000000,2015-08-02 09:26:00.0000000,NULL,2015-08-02 09:36:00.0000000,-30,-29,FACT,FACT,FAJS,LOC#,FA,FA
37E5F401-9239-41A4-87FC-5AEF579145D0,ZSCMR,CL60,0,0,2015-08-02 08:55:00.0000000,117,21L,C22,0,2015-08-02 09:55:00.0000000,117H,21L,C22,1,0,0,NULL,2015-08-02 08:49:00.0000000,2015-08-02 08:55:00.0000000,2015-08-02 08:56:00.0000000,2015-08-02 09:55:00.0000000,2015-08-02 09:03:00.0000000,NULL,2015-08-02 09:10:00.0000000,1,-52,FABL,FABL,FAJS,LOC#,5Z,5Z
CDB9BF40-8361-40BA-966F-D1B058000A28,ZSZWT,B738,34.3,38.5,2015-08-02 09:00:00.0000000,904,21L,A13,1,2015-08-02 09:40:00.0000000,905,21R,A13,1,1,1,NULL,2015-08-02 09:11:00.0000000,2015-08-02 09:00:00.0000000,2015-08-02 09:18:00.0000000,2015-08-02 09:40:00.0000000,2015-08-02 10:05:00.0000000,NULL,2015-08-02 10:15:00.0000000,18,25,FAGG,FAGG,FAJS,FAGG,MN,MN
D111ADA6-42A8-4501-A1F7-03C41438AA26,ZSOKG,B733,28.9,31,2015-08-02 09:00:00.0000000,406,21L,C3,0,2015-08-02 10:00:00.0000000,406H,21L,C3,1,0,0,NULL,2015-08-02 08:41:00.0000000,2015-08-02 09:00:00.0000000,2015-08-02 08:48:00.0000000,2015-08-02 10:00:00.0000000,2015-08-02 10:00:00.0000000,NULL,2015-08-02 10:08:00.0000000,-12,0,FACT,FACT,FAJS,LOC#,BA6,BA6
2E4947AB-3AEF-4B60-8286-67ADE556B14D,DALCF,MD11,34.1,31.44,2015-08-02 09:00:00.0000000,8296,21L,D25,0,2015-08-02 11:00:00.0000000,8297,21R,D25,1,0,0,NULL,2015-08-02 08:53:00.0000000,2015-08-02 09:00:00.0000000,2015-08-02 09:04:00.0000000,2015-08-02 11:00:00.0000000,2015-08-02 12:24:00.0000000,NULL,2015-08-02 12:40:00.0000000,4,84,HKNA,HKNA,FAJS,HKNA,LH,LH
56D0A193-5CCF-43CB-81B7-786E06AB2927,ZSDFA,ERJ1,20,28.5,2015-08-02 09:05:00.0000000,828,21L,C18,1,2015-08-02 09:30:00.0000000,214,21R,C18,1,1,1,NULL,2015-08-02 08:58:00.0000000,2015-08-02 09:05:00.0000000,2015-08-02 09:07:00.0000000,2015-08-02 09:30:00.0000000,2015-08-02 09:51:00.0000000,NULL,2015-08-02 10:02:00.0000000,2,21,FAKN,FAKN,FAJS,FQBR,SA8,SA8
96A5D803-772F-4E03-852A-37E65358F2DD,ZSSNV,E135,20,26.3,2015-08-02 09:10:00.0000000,161,21L,C18,1,2015-08-02 11:00:00.0000000,060,21R,C18,1,1,1,NULL,2015-08-02 10:07:00.0000000,2015-08-02 09:10:00.0000000,2015-08-02 10:16:00.0000000,2015-08-02 11:00:00.0000000,2015-08-02 11:00:00.0000000,NULL,2015-08-02 11:13:00.0000000,66,0,FLLS,FLLS,FAJS,FXMU,SA8,SA8
5AD4660F-0D07-430A-93BA-67E3DE0271F4,ZFAB,B734,28.9,37,2015-08-02 09:15:00.0000000,125,21L,E13,0,2015-08-02 11:15:00.0000000,125H,21L,E13,1,0,0,NULL,2015-08-02 09:16:00.0000000,2015-08-02 09:15:00.0000000,2015-08-02 09:26:00.0000000,2015-08-02 11:15:00.0000000,2015-08-02 09:57:00.0000000,NULL,2015-08-02 10:07:00.0000000,11,-78,FVHA,FVHA,FAJS,LOC#,Z7,Z7
7CB7F219-F9BF-452B-92FF-21EB1FA90513,ZSCHR,B190,34.1,31.44,2015-08-02 09:28:00.0000000,139,21L,G5,0,2015-08-02 10:00:00.0000000,139,21R,G5,1,0,0,NULL,2015-08-02 09:39:00.0000000,2015-08-02 09:28:00.0000000,2015-08-02 09:42:00.0000000,2015-08-02 10:00:00.0000000,2015-08-02 10:19:00.0000000,NULL,2015-08-02 10:37:00.0000000,14,19,FALA,FALA,FAJS,FASE,1908,1908
B43BCCD1-9A1C-48E5-861B-1BD54DB35988,5YKZD,B788,60,56.7,2015-08-02 09:45:00.0000000,760,21R,E1,1,2015-08-02 11:20:00.0000000,761,21R,E1,1,1,1,NULL,2015-08-02 09:25:00.0000000,2015-08-02 09:45:00.0000000,2015-08-02 09:33:00.0000000,2015-08-02 11:20:00.0000000,2015-08-02 11:15:00.0000000,NULL,2015-08-02 11:28:00.0000000,-12,-5,HKNA,HKNA,FAJS,HKNA,KQ,KQ
859ECAB3-3F41-4696-9E9E-02D127A7D750,ZSSFJ,A319,34.1,33.8,2015-08-02 09:50:00.0000000,322,21L,D45,1,2015-08-02 12:00:00.0000000,160,21R,D45,1,1,1,NULL,2015-08-02 09:48:00.0000000,2015-08-02 09:50:00.0000000,2015-08-02 09:54:00.0000000,2015-08-02 12:00:00.0000000,2015-08-02 12:00:00.0000000,NULL,2015-08-02 12:13:00.0000000,4,0,FACT,FACT,FAJS,HUEN,SA,SA
5D223F65-F72D-43CA-B79C-7E767BDBA9D8,ZSOUV,E135,20,26.3,2015-08-02 09:55:00.0000000,053,21L,C12,1,2015-08-02 12:55:00.0000000,062,21R,C12,1,1,1,NULL,2015-08-02 09:52:00.0000000,2015-08-02 09:55:00.0000000,2015-08-02 10:04:00.0000000,2015-08-02 12:55:00.0000000,2015-08-02 12:55:00.0000000,NULL,2015-08-02 13:10:00.0000000,9,0,FXMU,FXMU,FAJS,FXMU,SA8,SA8
D7409B8B-9D7F-4FF6-824C-60D2E74ED9B0,ZSPYU,B190,34.1,31.44,2015-08-02 10:15:00.0000000,601,21L,C11,0,2015-08-02 10:25:00.0000000,601H,21L,C11,1,0,0,NULL,2015-08-02 09:56:00.0000000,2015-08-02 10:15:00.0000000,2015-08-02 10:04:00.0000000,2015-08-02 10:25:00.0000000,2015-08-02 11:40:00.0000000,NULL,2015-08-02 11:48:00.0000000,-11,75,FAMG,FAMG,FAJS,LOC#,5Z,5Z
531AA7E1-3023-438E-8F18-9C7578D22FB4,ZSTFK,E135,20,26.3,2015-08-02 10:20:00.0000000,865H,21R,C14,1,2015-08-02 11:20:00.0000000,865,21R,C14,1,1,1,NULL,2015-08-02 10:53:00.0000000,2015-08-02 10:20:00.0000000,2015-08-02 10:54:00.0000000,2015-08-02 11:20:00.0000000,2015-08-02 11:20:00.0000000,NULL,2015-08-02 11:36:00.0000000,34,0,LOC#,LOC#,FAJS,FASZ,SA8,SA8
24A47738-D445-4A8A-A231-511867DB5945,ZSSYT,E135,20,26.3,2015-08-02 10:25:00.0000000,083,21L,C9,1,2015-08-02 10:50:00.0000000,084,21R,C9,1,1,1,NULL,2015-08-02 10:16:00.0000000,2015-08-02 10:25:00.0000000,2015-08-02 10:23:00.0000000,2015-08-02 10:50:00.0000000,2015-08-02 10:50:00.0000000,NULL,2015-08-02 11:00:00.0000000,-2,0,FDSK,FDSK,FAJS,FDSK,SA8,SA8
128B73B7-B37C-4715-BC56-86CA591AF2ED,ZSPYU,B190,34.1,31.44,2015-08-02 10:25:00.0000000,602H,21R,C10,1,2015-08-02 11:00:00.0000000,602,21R,C10,1,1,1,NULL,2015-08-02 12:10:00.0000000,2015-08-02 10:25:00.0000000,2015-08-02 12:15:00.0000000,2015-08-02 11:00:00.0000000,2015-08-02 12:26:00.0000000,NULL,2015-08-02 12:36:00.0000000,110,86,LOC#,LOC#,FAJS,FAMG,5Z,5Z
23980555-E9A1-45C5-A06F-2F88AA3B2DF6,ZSYBX,DH8D,28.4,32.8,2015-08-02 10:25:00.0000000,104,21L,C16,1,2015-08-02 11:10:00.0000000,105,21R,C16,1,1,1,NULL,2015-08-02 10:26:00.0000000,2015-08-02 10:25:00.0000000,2015-08-02 10:35:00.0000000,2015-08-02 11:10:00.0000000,2015-08-02 11:10:00.0000000,NULL,2015-08-02 11:16:00.0000000,10,0,FAKM,FAKM,FAJS,FAKM,SA1,SA1
2655D819-A857-4C00-AF9B-BBDF920F79E5,ZSOFB,PC12,34.1,31.44,2015-08-02 10:35:00.0000000,893,21L,Z9.Je,0,2015-08-02 10:45:00.0000000,893H,21L,Z9.Je,1,0,0,NULL,2015-08-02 11:06:00.0000000,2015-08-02 10:35:00.0000000,2015-08-02 11:15:00.0000000,2015-08-02 10:45:00.0000000,2015-08-02 11:16:00.0000000,NULL,2015-08-02 11:18:00.0000000,40,31,1SAA,1SAA,FAJS,LOC#,7V,7V
9D5A561A-749E-4BDD-9900-BCDD83D74E38,ZSJMS,C208,0,0,2015-08-02 10:40:00.0000000,305,21L,Z9.Je,0,2015-08-02 10:50:00.0000000,305H,21L,Z9.Je,1,0,0,NULL,2015-08-02 10:34:00.0000000,2015-08-02 10:40:00.0000000,2015-08-02 10:40:00.0000000,2015-08-02 10:50:00.0000000,2015-08-02 10:42:00.0000000,NULL,2015-08-02 10:44:00.0000000,0,-8,FAMK,FAMK,FAJS,LOC#,7V,7V
90EFD4A9-3FEB-4203-A3F6-1184A0ABA5CB,ZSNMO,DH8D,28.4,32.8,2015-08-02 10:40:00.0000000,504,21R,C22,1,2015-08-02 11:50:00.0000000,011,21R,C22,1,1,1,NULL,2015-08-02 11:00:00.0000000,2015-08-02 10:40:00.0000000,2015-08-02 11:08:00.0000000,2015-08-02 11:50:00.0000000,2015-08-02 12:12:00.0000000,NULL,2015-08-02 12:20:00.0000000,28,22,FAGG,FAGG,FAJS,FABL,SA1,SA1
B6822E4B-BBA7-44A1-B629-3FCD83F9E500,A6DDB,777L,30,40,2015-08-02 10:40:00.0000000,956,21L,D28,0,2015-08-02 12:40:00.0000000,956,21R,D28,1,0,0,NULL,2015-08-02 11:03:00.0000000,2015-08-02 10:40:00.0000000,2015-08-02 11:23:00.0000000,2015-08-02 12:40:00.0000000,2015-08-02 13:09:00.0000000,NULL,2015-08-02 13:28:00.0000000,43,29,OMAA,OMAA,FAJS,HKNA,EY,EY
5E256A16-AB40-419C-9561-6D0C90B4F03D,ZSSFG,A319,34.1,33.8,2015-08-02 10:45:00.0000000,143,21L,A6,1,2015-08-02 11:50:00.0000000,144,21R,A6,1,1,1,NULL,2015-08-02 10:22:00.0000000,2015-08-02 10:45:00.0000000,2015-08-02 10:30:00.0000000,2015-08-02 11:50:00.0000000,2015-08-02 11:45:00.0000000,NULL,2015-08-02 11:56:00.0000000,-15,-5,FQMA,FQMA,FAJS,FQMA,SA,SA
E4D3750B-CB23-4A97-A205-6C36C1EE8330,ZSPTE,B200,0,0,2015-08-02 10:50:00.0000000,963,21L,Z9.Je,0,2015-08-02 11:18:00.0000000,963H,21L,Z9.Je,1,0,0,NULL,2015-08-02 11:10:00.0000000,2015-08-02 10:50:00.0000000,2015-08-02 11:16:00.0000000,2015-08-02 11:18:00.0000000,2015-08-02 13:50:00.0000000,NULL,2015-08-02 13:55:00.0000000,26,152,1SAA,1SAA,FAJS,LOC#,7V,7V
3B58A355-80FF-41AD-9C3F-1E4DA7DE0CA0,ZSZWQ,B738,34.3,38.5,2015-08-02 10:55:00.0000000,114,21L,A13,1,2015-08-02 14:15:00.0000000,633,21R,A13,1,1,1,NULL,2015-08-02 10:28:00.0000000,2015-08-02 10:55:00.0000000,2015-08-02 10:37:00.0000000,2015-08-02 14:15:00.0000000,2015-08-02 14:13:00.0000000,NULL,2015-08-02 14:23:00.0000000,-18,-2,FACT,FACT,FAJS,FADN,MN,MN
32779404-53FD-442D-A6FD-FF9AB2F5DBDE,ETANN,772L,0,0,2015-08-02 11:20:00.0000000,809,21L,E9,2,2015-08-02 12:20:00.0000000,808,21R,E9,1,2,2,NULL,2015-08-02 11:15:00.0000000,2015-08-02 11:20:00.0000000,2015-08-02 11:30:00.0000000,2015-08-02 12:20:00.0000000,2015-08-02 12:45:00.0000000,NULL,2015-08-02 13:01:00.0000000,10,25,HAAB,HAAB,FAJS,HAAB,ET,ET
40E1F338-7A20-472C-AE8D-A3DCA4071B6F,ZSOMB,B190,34.1,31.44,2015-08-02 11:30:00.0000000,701,21L,C23,0,2015-08-02 11:40:00.0000000,701H,21L,C23,1,0,0,NULL,2015-08-02 11:12:00.0000000,2015-08-02 11:30:00.0000000,2015-08-02 11:19:00.0000000,2015-08-02 11:40:00.0000000,2015-08-02 11:30:00.0000000,NULL,2015-08-02 11:37:00.0000000,-11,-10,FAPG,FAPG,FAJS,LOC#,5Z,5Z
D2AAE366-925C-488A-8CDF-5DC4F6268F9A,ZSSZG,A320,34.1,37.6,2015-08-02 11:35:00.0000000,476,21L,B3,1,2015-08-02 12:25:00.0000000,188,21R,B3,1,1,1,NULL,2015-08-02 11:25:00.0000000,2015-08-02 11:35:00.0000000,2015-08-02 11:32:00.0000000,2015-08-02 12:25:00.0000000,2015-08-02 12:24:00.0000000,NULL,2015-08-02 12:38:00.0000000,-3,-1,FAEL,FAEL,FAJS,HTDA,SA,SA
95F4C3EF-C5D9-48BD-A4D7-C364E1913DE9,ZSZWC,B738,34.3,38.5,2015-08-02 11:45:00.0000000,112,21R,A12,1,2015-08-02 12:25:00.0000000,127,21R,A12,1,1,1,NULL,2015-08-02 11:53:00.0000000,2015-08-02 11:45:00.0000000,2015-08-02 11:55:00.0000000,2015-08-02 12:25:00.0000000,2015-08-02 12:52:00.0000000,NULL,2015-08-02 13:08:00.0000000,10,27,FACT,FACT,FAJS,FACT,MN,MN
1591057B-0523-4EFC-8BB5-A71F87D5EAEA,A7BCE,B788,60,56.7,2015-08-02 11:45:00.0000000,1363,21L,E3,2,2015-08-02 13:15:00.0000000,1364,21R,E3,1,2,2,NULL,2015-08-02 12:20:00.0000000,2015-08-02 11:45:00.0000000,2015-08-02 12:27:00.0000000,2015-08-02 13:15:00.0000000,2015-08-02 14:08:00.0000000,NULL,2015-08-02 14:19:00.0000000,42,53,OTBD,OTBD,FAJS,OTBD,QR,QR
D3569EBA-2BD9-4E4F-9BEA-40D4251C8E5D,ZSOMZ,JS41,18.4,19.3,2015-08-02 11:55:00.0000000,810,21L,C11,1,2015-08-02 12:15:00.0000000,817,21R,C11,1,1,1,NULL,2015-08-02 12:03:00.0000000,2015-08-02 11:55:00.0000000,2015-08-02 12:10:00.0000000,2015-08-02 12:15:00.0000000,2015-08-02 12:30:00.0000000,NULL,2015-08-02 12:40:00.0000000,15,15,FAPI,FAPI,FAJS,FAPI,SA8,SA8
AACB5021-EFB8-46C3-BAA7-B40279A33A40,ZSOAF,B734,28.9,36,2015-08-02 11:55:00.0000000,912,21L,A11,1,2015-08-02 12:55:00.0000000,803,21R,A11,1,1,1,NULL,2015-08-02 11:26:00.0000000,2015-08-02 11:55:00.0000000,2015-08-02 11:35:00.0000000,2015-08-02 12:55:00.0000000,2015-08-02 12:53:00.0000000,NULL,2015-08-02 13:06:00.0000000,-20,-2,FAGG,FAGG,FAJS,FAEL,MN,MN
194B84A1-E5ED-4C05-89B1-29B85CC2137B,ZSSJB,B738,34.3,38.5,2015-08-02 12:00:00.0000000,332,21L,B10,1,2015-08-02 12:50:00.0000000,028,21R,B10,1,1,1,NULL,2015-08-02 12:04:00.0000000,2015-08-02 12:00:00.0000000,2015-08-02 12:07:00.0000000,2015-08-02 12:50:00.0000000,2015-08-02 13:11:00.0000000,NULL,2015-08-02 13:23:00.0000000,7,21,FACT,FACT,FAJS,FVHA,SA,SA
F80E8310-FA4E-48C4-A91C-DF5D044D9D00,ZSTCP,BA46,26.2,28.6,2015-08-02 12:05:00.0000000,153,21L,C17,0,2015-08-02 14:05:00.0000000,153H,21L,C17,1,0,0,NULL,2015-08-02 12:19:00.0000000,2015-08-02 12:05:00.0000000,2015-08-02 12:28:00.0000000,2015-08-02 14:05:00.0000000,2015-08-02 12:47:00.0000000,NULL,2015-08-02 12:50:00.0000000,23,-78,FLND,FLND,FAJS,LOC#,SA8,SA8
FC4D7DAF-72EF-4FF4-AB3A-BE2A6A77483E,ZSIPP,PC12,34.1,31.44,2015-08-02 12:11:00.0000000,002,21L,G7,0,2015-08-02 13:00:00.0000000,002,21R,G7,1,0,0,NULL,2015-08-02 12:37:00.0000000,2015-08-02 12:11:00.0000000,2015-08-02 12:59:00.0000000,2015-08-02 13:00:00.0000000,2015-08-02 13:00:00.0000000,NULL,2015-08-02 13:04:00.0000000,48,0,FAMK,FAMK,FAJS,FALA,6844,6844
9F1CAA1C-06DD-44E0-BDF7-0C3B5C0721D3,ZSKZU,BET1,34.1,31.44,2015-08-02 12:15:00.0000000,515,21L,G6,0,2015-08-02 12:50:00.0000000,515H,21L,G6,1,0,0,NULL,2015-08-02 12:35:00.0000000,2015-08-02 12:15:00.0000000,2015-08-02 12:46:00.0000000,2015-08-02 12:50:00.0000000,2015-08-02 12:51:00.0000000,NULL,2015-08-02 13:02:00.0000000,31,1,FVCZ,FVCZ,FAJS,LOC#,7V,7V
3BD78221-B8B6-4A41-9590-A3DE2EE3F287,ZSSFI,A319,34.1,33.8,2015-08-02 12:15:00.0000000,075,21L,C7,1,2015-08-02 13:10:00.0000000,347,21R,C7,1,1,1,NULL,2015-08-02 12:00:00.0000000,2015-08-02 12:15:00.0000000,2015-08-02 12:11:00.0000000,2015-08-02 13:10:00.0000000,2015-08-02 13:21:00.0000000,NULL,2015-08-02 13:32:00.0000000,-4,11,FYWH,FYWH,FAJS,FACT,SA,SA
F07FDAF3-FFBF-4BDE-A240-6304C98EAFAE,ZSJRE,B734,28.9,36,2015-08-02 12:20:00.0000000,2203,21L,B13,1,2015-08-02 13:00:00.0000000,2306,21R,B13,1,1,1,NULL,2015-08-02 11:34:00.0000000,2015-08-02 12:20:00.0000000,2015-08-02 11:42:00.0000000,2015-08-02 13:00:00.0000000,2015-08-02 12:59:00.0000000,NULL,2015-08-02 13:18:00.0000000,-38,-1,FAGG,FAGG,FAJS,FAPE,FA,FA
B5473A1D-5EA0-4926-9B40-026C2D5FC31E,ZSSSH,BA46,26.2,28.6,2015-08-02 12:25:00.0000000,842,21L,C18,1,2015-08-02 13:30:00.0000000,845,21R,C18,1,1,1,NULL,2015-08-02 12:24:00.0000000,2015-08-02 12:25:00.0000000,2015-08-02 12:29:00.0000000,2015-08-02 13:30:00.0000000,2015-08-02 13:26:00.0000000,NULL,2015-08-02 13:35:00.0000000,4,-4,FAKN,FAKN,FAJS,FAKN,SA8,SA8
2FAF0A83-8B3E-4765-965A-18820DA6243E,ZSTCO,BA46,26.2,28.6,2015-08-02 12:25:00.0000000,111,21R,C19,0,2015-08-02 14:25:00.0000000,111H,21R,C19,1,0,0,NULL,2015-08-02 12:24:00.0000000,2015-08-02 12:25:00.0000000,2015-08-02 12:34:00.0000000,2015-08-02 14:25:00.0000000,2015-08-02 13:13:00.0000000,NULL,2015-08-02 13:16:00.0000000,9,-72,FVBU,FVBU,FAJS,LOC#,SA8,SA8
912E9A2B-40E2-4EBF-9445-C09C40774927,ZSOPR,GLRJ,34.1,31.44,2015-08-02 12:30:00.0000000,003,21R,G3,0,2015-08-02 13:00:00.0000000,OPRH,21R,G3,1,0,0,NULL,2015-08-02 12:26:00.0000000,2015-08-02 12:30:00.0000000,2015-08-02 12:33:00.0000000,2015-08-02 13:00:00.0000000,2015-08-02 12:34:00.0000000,NULL,2015-08-02 12:45:00.0000000,3,-26,FVHA,FVHA,FAJS,LOC#,OPM,OPM
4C52E458-5740-4EB3-A441-D20B384781B7,ZSSFH,A319,34.1,33.8,2015-08-02 12:30:00.0000000,410,21L,C4,1,2015-08-02 13:10:00.0000000,563,21L,C4,1,1,1,NULL,2015-08-02 12:15:00.0000000,2015-08-02 12:30:00.0000000,2015-08-02 12:23:00.0000000,2015-08-02 13:10:00.0000000,2015-08-02 13:34:00.0000000,NULL,2015-08-02 13:45:00.0000000,-7,24,FAPE,FAPE,FAJS,FADN,SA,SA
06AC5893-7E6E-4A3B-B009-A1704E449035,ZSTCB,E135,20,26.3,2015-08-02 12:30:00.0000000,768,21L,C9,0,2015-08-02 13:30:00.0000000,768H,21L,C9,1,0,0,NULL,2015-08-02 12:10:00.0000000,2015-08-02 12:30:00.0000000,2015-08-02 12:15:00.0000000,2015-08-02 13:30:00.0000000,2015-08-02 12:29:00.0000000,NULL,2015-08-02 12:33:00.0000000,-15,-61,FAUP,FAUP,FAJS,LOC#,SA8,SA8
9BE4C3B0-4C7D-45D1-B8CB-DD1060FC6D11,ZSOEX,JS41,18.4,19.3,2015-08-02 12:35:00.0000000,854,21L,C14,0,2015-08-02 13:35:00.0000000,854H,21L,C14,1,0,0,NULL,2015-08-02 12:06:00.0000000,2015-08-02 12:35:00.0000000,2015-08-02 12:12:00.0000000,2015-08-02 13:35:00.0000000,2015-08-02 13:16:00.0000000,NULL,2015-08-02 13:17:00.0000000,-23,-19,FAPH,FAPH,FAJS,LOC#,SA8,SA8
E963B8C7-5570-4CC6-BD24-52BAB1E4FE23,ZSSWV,E135,20,26.3,2015-08-02 12:35:00.0000000,862,21L,C16,0,2015-08-02 13:35:00.0000000,862H,21L,C16,1,0,0,NULL,2015-08-02 12:05:00.0000000,2015-08-02 12:35:00.0000000,2015-08-02 12:13:00.0000000,2015-08-02 13:35:00.0000000,2015-08-02 12:50:00.0000000,NULL,2015-08-02 13:00:00.0000000,-22,-45,FASZ,FASZ,FAJS,LOC#,SA8,SA8
4A2CFB61-A290-4580-93D4-8D5C186609FE,ZSSYT,E135,20,26.3,2015-08-02 12:45:00.0000000,085,21L,C22,1,2015-08-02 14:05:00.0000000,086,21R,C22,1,1,1,NULL,2015-08-02 12:53:00.0000000,2015-08-02 12:45:00.0000000,2015-08-02 12:57:00.0000000,2015-08-02 14:05:00.0000000,2015-08-02 13:59:00.0000000,NULL,2015-08-02 14:10:00.0000000,12,-6,FDSK,FDSK,FAJS,FDSK,SA8,SA8
714BB320-CDEA-4AA9-8BDB-288B06D0702E,ZSSLN,BE58,0,0,2015-08-02 12:46:00.0000000,586,21L,Z9.De,0,2015-08-02 13:30:00.0000000,586H,21L,Z9.De,1,0,0,NULL,2015-08-02 12:32:00.0000000,2015-08-02 12:46:00.0000000,2015-08-02 12:42:00.0000000,2015-08-02 13:30:00.0000000,2015-08-02 12:44:00.0000000,NULL,2015-08-02 12:46:00.0000000,-4,-46,FANG,FANG,FAJS,LOC#,7V,7V
9525089A-5723-4C5C-9992-828B7DF3D49A,5YCYA,B738,34.3,38.5,2015-08-02 13:15:00.0000000,762,21L,E1,1,2015-08-02 14:20:00.0000000,763,21R,E1,1,1,1,NULL,2015-08-02 13:27:00.0000000,2015-08-02 13:15:00.0000000,2015-08-02 13:37:00.0000000,2015-08-02 14:20:00.0000000,2015-08-02 14:37:00.0000000,NULL,2015-08-02 14:48:00.0000000,22,17,HKNA,HKNA,FAJS,HKNA,KQ,KQ
ABE1D655-164F-4355-89D8-6BBC665E9A7A,ZSOAG,B734,28.9,36,2015-08-02 13:15:00.0000000,292,21L,B7,1,2015-08-02 15:00:00.0000000,429,21R,B7,1,1,1,NULL,2015-08-02 13:07:00.0000000,2015-08-02 13:15:00.0000000,2015-08-02 13:16:00.0000000,2015-08-02 15:00:00.0000000,2015-08-02 15:00:00.0000000,NULL,2015-08-02 15:14:00.0000000,1,0,FLHN,FLHN,FAJS,FACT,BA6,BA6
C7F430C4-3A61-4E54-8E45-D30A44AF20BF,ZSDFA,ERJ1,20,28.5,2015-08-02 13:20:00.0000000,215,21L,B10,0,2015-08-02 15:20:00.0000000,215H,21L,B10,1,0,0,NULL,2015-08-02 13:37:00.0000000,2015-08-02 13:20:00.0000000,2015-08-02 13:46:00.0000000,2015-08-02 15:20:00.0000000,2015-08-02 16:29:00.0000000,NULL,2015-08-02 16:33:00.0000000,26,69,FQBR,FQBR,FAJS,LOC#,SA8,SA8
1DCA836F-02A5-4E07-866D-92F9505473AC,ZSASW,BA46,26.2,28.6,2015-08-02 13:40:00.0000000,301,21L,C24,0,2015-08-02 14:40:00.0000000,301H,21L,C24,1,0,0,NULL,2015-08-02 13:41:00.0000000,2015-08-02 13:40:00.0000000,2015-08-02 13:47:00.0000000,2015-08-02 14:40:00.0000000,2015-08-02 14:08:00.0000000,NULL,2015-08-02 14:15:00.0000000,7,-32,FBMN,FBMN,FAJS,LOC#,SA8,SA8
E9FF48B7-1C83-45C6-BA75-7ACB7641B4C9,ZSOFB,PC12,34.1,31.44,2015-08-02 13:50:00.0000000,279,21L,Z9.SA,0,2015-08-02 14:00:00.0000000,279H,21L,Z9.SA,1,0,0,NULL,2015-08-02 13:56:00.0000000,2015-08-02 13:50:00.0000000,2015-08-02 14:00:00.0000000,2015-08-02 14:00:00.0000000,2015-08-02 14:01:00.0000000,NULL,2015-08-02 14:03:00.0000000,10,1,ULX,ULX,FAJS,LOC#,7V,7V
0A2E2CAE-23B2-43A1-91DE-B630AA9FBAC5,ZSZWT,B738,34.3,38.5,2015-08-02 13:50:00.0000000,906,21R,B1,0,2015-08-02 14:50:00.0000000,906H,21R,B1,1,0,0,NULL,2015-08-02 13:55:00.0000000,2015-08-02 13:50:00.0000000,2015-08-02 14:00:00.0000000,2015-08-02 14:50:00.0000000,2015-08-02 15:08:00.0000000,NULL,2015-08-02 15:13:00.0000000,10,18,FAGG,FAGG,FAJS,LOC#,MN,MN
EB2F49FD-A657-4439-A069-909AEB88B69E,ZSSJK,B738,34.3,38.5,2015-08-02 13:50:00.0000000,927,21L,B12,0,2015-08-02 15:50:00.0000000,927H,21L,B12,1,0,0,NULL,2015-08-02 13:51:00.0000000,2015-08-02 13:50:00.0000000,2015-08-02 14:00:00.0000000,2015-08-02 15:50:00.0000000,2015-08-02 14:41:00.0000000,NULL,2015-08-02 14:45:00.0000000,10,-69,HTZA,HTZA,FAJS,LOC#,JE,JE
13357568-3A14-4C18-A232-0C3AAB298C30,A6EGR,B7ER,64.8,73.9,2015-08-02 14:25:00.0000000,763,21L,A3,1,2015-08-02 17:15:00.0000000,764,21R,A3,1,1,1,NULL,2015-08-02 14:16:00.0000000,2015-08-02 14:25:00.0000000,2015-08-02 14:26:00.0000000,2015-08-02 17:15:00.0000000,2015-08-02 17:12:00.0000000,NULL,2015-08-02 17:27:00.0000000,1,-3,OMDB,OMDB,FAJS,OMDB,EK,EK
5D83FD89-3472-4F7E-9DFE-C5A483EADAF9,ZSNMO,DH8D,28.4,32.8,2015-08-02 14:30:00.0000000,012,21L,C15,0,2015-08-02 15:41:00.0000000,012H,21L,C15,1,0,0,NULL,2015-08-02 14:32:00.0000000,2015-08-02 14:30:00.0000000,2015-08-02 14:41:00.0000000,2015-08-02 15:41:00.0000000,2015-08-02 17:13:00.0000000,NULL,2015-08-02 17:14:00.0000000,11,92,FABL,FABL,FAJS,LOC#,SA1,SA1
534706BF-33C7-40D8-8F12-C82A18AAA015,ZSOAV,B734,28.9,36,2015-08-02 14:50:00.0000000,274,21R,B8,1,2015-08-02 16:00:00.0000000,431,21R,B8,1,1,1,NULL,2015-08-02 14:26:00.0000000,2015-08-02 14:50:00.0000000,2015-08-02 14:31:00.0000000,2015-08-02 16:00:00.0000000,2015-08-02 16:00:00.0000000,NULL,2015-08-02 16:15:00.0000000,-19,0,FYWH,FYWH,FAJS,FACT,BA6,BA6
7BEEEF41-A34F-4737-A95D-EB2EAD66D5AE,ZSSWN,E135,20,26.3,2015-08-02 14:50:00.0000000,231,21R,C19,0,2015-08-02 16:50:00.0000000,231H,21R,C19,1,0,0,NULL,2015-08-02 14:45:00.0000000,2015-08-02 14:50:00.0000000,2015-08-02 14:53:00.0000000,2015-08-02 16:50:00.0000000,2015-08-02 17:08:00.0000000,NULL,2015-08-02 17:11:00.0000000,3,18,FQNP,FQNP,FAJS,LOC#,SA8,SA8
1C7F5FDD-5050-402E-B918-61467616FF89,ZSXCF,AT72,27,27.2,2015-08-02 15:00:00.0000000,XCF,21R,G7,0,2015-08-02 16:30:00.0000000,XCF,21R,G7,1,0,0,NULL,2015-08-02 14:57:00.0000000,2015-08-02 15:00:00.0000000,2015-08-02 15:02:00.0000000,2015-08-02 16:30:00.0000000,2015-08-02 16:15:00.0000000,NULL,2015-08-02 16:19:00.0000000,2,-15,FOOL,FCBB,FAJS,LOC#,SET,SET
5C2ED87D-E705-45D3-A131-183FBB9E7F53,N701DN,B772,60.9,63.7,2015-08-02 15:00:00.0000000,200,21R,A1,1,2015-08-02 17:20:00.0000000,201,21R,A1,1,1,1,NULL,2015-08-02 15:53:00.0000000,2015-08-02 15:00:00.0000000,2015-08-02 15:57:00.0000000,2015-08-02 17:20:00.0000000,2015-08-02 17:45:00.0000000,NULL,2015-08-02 18:00:00.0000000,57,25,KATL,KATL,FAJS,KATL,DL,DL
5A88D82C-EEBC-4A02-808F-F82EAECB228A,ZSOUV,E135,20,26.3,2015-08-02 15:05:00.0000000,063,21R,C17,0,2015-08-02 16:05:00.0000000,063H,21R,C17,1,0,0,NULL,2015-08-02 15:02:00.0000000,2015-08-02 15:05:00.0000000,2015-08-02 15:07:00.0000000,2015-08-02 16:05:00.0000000,2015-08-02 16:56:00.0000000,NULL,2015-08-02 17:02:00.0000000,2,51,FXMU,FXMU,FAJS,LOC#,SA8,SA8
73EE7D09-842A-4942-A5B1-36D21DCBBDD1,ZSSJH,B738,34.3,38.5,2015-08-02 15:10:00.0000000,544,21R,A13,0,2015-08-02 16:10:00.0000000,544H,21R,A13,1,0,0,NULL,2015-08-02 14:54:00.0000000,2015-08-02 15:10:00.0000000,2015-08-02 15:00:00.0000000,2015-08-02 16:10:00.0000000,2015-08-02 16:20:00.0000000,NULL,2015-08-02 16:25:00.0000000,-10,10,FAPE,FAPE,FAJS,LOC#,JE,JE
7DF55849-EBBC-45FF-8747-AAA84E0949DF,VHOEI,B747,64.4,70.6,2015-08-02 15:10:00.0000000,063,21R,E1,1,2015-08-02 17:10:00.0000000,064,21R,E1,1,1,1,NULL,2015-08-02 16:13:00.0000000,2015-08-02 15:10:00.0000000,2015-08-02 16:18:00.0000000,2015-08-02 17:10:00.0000000,2015-08-02 18:15:00.0000000,NULL,2015-08-02 18:29:00.0000000,68,65,YSSY,YSSY,FAJS,YSSY,QF,QF
DFFC2512-9183-4E55-8A86-E50AFFFD53CE,ZSSJO,B738,34.3,38.5,2015-08-02 15:15:00.0000000,164,21R,A11,0,2015-08-02 16:15:00.0000000,164H,21R,A11,1,0,0,NULL,2015-08-02 14:51:00.0000000,2015-08-02 15:15:00.0000000,2015-08-02 14:54:00.0000000,2015-08-02 16:15:00.0000000,2015-08-02 15:37:00.0000000,NULL,2015-08-02 15:40:00.0000000,-21,-38,FACT,FACT,FAJS,LOC#,JE,JE
7E4B15A0-71A9-4C62-8151-9CC9EE52D824,ETAPL,B738,34.3,38.5,2015-08-02 15:20:00.0000000,026,21L,A7,1,2015-08-02 16:20:00.0000000,025,21R,A7,1,1,1,NULL,2015-08-02 15:07:00.0000000,2015-08-02 15:20:00.0000000,2015-08-02 15:15:00.0000000,2015-08-02 16:20:00.0000000,2015-08-02 16:11:00.0000000,NULL,2015-08-02 16:27:00.0000000,-5,-9,FWCL,FWCL,FAJS,FWLI,3W,3W
9204170A-D1F1-466C-AFFB-9B3B02DD3B6F,TCJNM,A333,60.3,63.7,2015-08-02 15:40:00.0000000,041,21L,B1,1,2015-08-02 16:45:00.0000000,041,21R,B1,1,1,1,NULL,2015-08-02 16:44:00.0000000,2015-08-02 15:40:00.0000000,2015-08-02 16:55:00.0000000,2015-08-02 16:45:00.0000000,2015-08-02 18:02:00.0000000,NULL,2015-08-02 18:16:00.0000000,75,77,FACT,FACT,FAJS,LTBA,TK,TK
33633A9B-B0B4-4A1D-A896-0F2B7C28420C,ZSSNX,E135,20,26.3,2015-08-02 15:45:00.0000000,205,21R,C12,0,2015-08-02 17:04:00.0000000,205H,21R,C12,1,0,0,NULL,2015-08-02 16:00:00.0000000,2015-08-02 15:45:00.0000000,2015-08-02 16:04:00.0000000,2015-08-02 17:04:00.0000000,2015-08-02 17:37:00.0000000,NULL,2015-08-02 17:41:00.0000000,19,33,FQPB,FQPB,FAJS,LOC#,SA8,SA8
BED11AE0-0E75-4C9F-A848-29E9213790D9,ZSOAR,B734,28.9,36,2015-08-02 15:55:00.0000000,418,21L,C2,0,2015-08-02 16:55:00.0000000,418H,21L,C2,1,0,0,NULL,2015-08-02 15:37:00.0000000,2015-08-02 15:55:00.0000000,2015-08-02 15:45:00.0000000,2015-08-02 16:55:00.0000000,2015-08-02 16:34:00.0000000,NULL,2015-08-02 16:46:00.0000000,-10,-21,FACT,FACT,FAJS,LOC#,BA6,BA6
98F94568-BB9C-4482-AD34-4D01C399092B,ZSJPS,BE40,0,0,2015-08-02 16:15:00.0000000,JPS,21L,Z9.Je,0,2015-08-02 16:30:00.0000000,JPSH,21L,Z9.Je,1,0,0,NULL,2015-08-02 16:16:00.0000000,2015-08-02 16:15:00.0000000,2015-08-02 16:25:00.0000000,2015-08-02 16:30:00.0000000,2015-08-02 16:45:00.0000000,NULL,2015-08-02 16:50:00.0000000,10,15,FAPN,FAPN,FAJS,LOC#,683,683
56772761-A9B0-457A-80EB-72C1C6E135B2,ZSSXG,A343,60.3,63.6,2015-08-02 16:25:00.0000000,055,21R,D40,0,2015-08-02 18:25:00.0000000,055H,21R,D40,1,0,0,NULL,2015-08-02 16:03:00.0000000,2015-08-02 16:25:00.0000000,2015-08-02 16:05:00.0000000,2015-08-02 18:25:00.0000000,2015-08-02 17:12:00.0000000,NULL,2015-08-02 17:15:00.0000000,-20,-73,FNLU,FNLU,FAJS,LOC#,SA,SA
C8D27722-9EB8-4133-AD92-ECAB164DDE4C,A2ABR,AT42,0,0,2015-08-02 17:30:00.0000000,217,21L,D19,1,2015-08-02 18:15:00.0000000,202,21R,D19,1,1,1,NULL,2015-08-02 17:17:00.0000000,2015-08-02 17:30:00.0000000,2015-08-02 17:28:00.0000000,2015-08-02 18:15:00.0000000,2015-08-02 18:09:00.0000000,NULL,2015-08-02 18:20:00.0000000,-2,-6,FBSK,FBSK,FAJS,FBSK,BP,BP
84B16BED-FB09-4017-A67E-562EF2ABC4C4,5NMJP,B738,34.3,38.5,2015-08-02 18:40:00.0000000,103,21L,A2,1,2015-08-02 21:15:00.0000000,104,21R,A2,1,1,1,NULL,2015-08-02 18:49:00.0000000,2015-08-02 18:40:00.0000000,2015-08-02 18:59:00.0000000,2015-08-02 21:15:00.0000000,2015-08-02 21:05:00.0000000,NULL,2015-08-02 21:21:00.0000000,19,-10,DNMM,DNMM,FAJS,DNMM,W3,W3
072014A5-CB72-411C-A0C0-19E2C0063640,A6EBY,B7ER,64.8,73.9,2015-08-02 18:50:00.0000000,765,21L,A3,1,2015-08-02 20:20:00.0000000,766,21R,A3,1,1,1,NULL,2015-08-02 18:39:00.0000000,2015-08-02 18:50:00.0000000,2015-08-02 18:52:00.0000000,2015-08-02 20:20:00.0000000,2015-08-02 20:17:00.0000000,NULL,2015-08-02 20:37:00.0000000,2,-3,OMDB,OMDB,FAJS,OMDB,EK,EK
2371FE39-E9CA-4D5C-92D3-6A23462B9268,PHBQO,B772,60.9,63.7,2015-08-02 19:15:00.0000000,591,21L,E9,2,2015-08-02 21:15:00.0000000,592,21R,E9,1,2,2,NULL,2015-08-02 19:11:00.0000000,2015-08-02 19:15:00.0000000,2015-08-02 19:28:00.0000000,2015-08-02 21:15:00.0000000,2015-08-02 21:09:00.0000000,NULL,2015-08-02 21:21:00.0000000,13,-6,EHAM,EHAM,FAJS,EHAM,KL,KL
B2CD88A2-98BC-46C4-A617-375FFA2DA1FC,9XRWJ,B737,34.3,34.5,2015-08-02 20:35:00.0000000,100,21L,E13,1,2015-08-03 06:30:00.0000000,101,03L,E13,1,1,1,NULL,2015-08-02 20:32:00.0000000,2015-08-02 20:35:00.0000000,2015-08-02 20:38:00.0000000,2015-08-03 06:30:00.0000000,2015-08-03 06:30:00.0000000,NULL,2015-08-03 06:41:00.0000000,3,0,HRYR,HRYR,FAJS,HRYR,WB,WB
DBD67467-4F60-4CAE-B100-E70B39DC17A0,5YCYB,B738,34.3,38.5,2015-08-02 23:00:00.0000000,764,21R,A5,1,2015-08-02 23:50:00.0000000,765,03L,A5,1,1,1,NULL,2015-08-02 23:00:00.0000000,2015-08-02 23:00:00.0000000,2015-08-02 23:05:00.0000000,2015-08-02 23:50:00.0000000,2015-08-02 23:50:00.0000000,NULL,2015-08-03 00:04:00.0000000,5,0,HKNA,HKNA,FAJS,HKNA,KQ,KQ
F5E2DAD9-1455-41DF-89EE-1ED2AFA4851F,ZSSFL,A319,34.1,33.8,2015-08-03 03:15:00.0000000,087,03L,A1,0,2015-08-03 04:15:00.0000000,087H,03L,A1,1,0,0,NULL,2015-08-03 02:57:00.0000000,2015-08-03 03:15:00.0000000,2015-08-03 03:02:00.0000000,2015-08-03 04:15:00.0000000,2015-08-03 04:24:00.0000000,NULL,2015-08-03 04:25:00.0000000,-13,9,FKKD,FKKD,FAJS,LOC#,SA,SA
3EEA75E3-0691-4693-9BDE-35DF4191C9E7,ZSSZJ,A320,34.1,37.6,2015-08-03 03:20:00.0000000,059,03L,E11,1,2015-08-03 06:40:00.0000000,192,03L,E11,1,1,1,NULL,2015-08-03 03:01:00.0000000,2015-08-03 03:20:00.0000000,2015-08-03 03:07:00.0000000,2015-08-03 06:40:00.0000000,2015-08-03 06:52:00.0000000,NULL,2015-08-03 07:04:00.0000000,-13,12,FZAA,FZAA,FAJS,FIMP,SA,SA
DA6F46D1-FED9-4D14-BCF2-85FA62EE63F3,PHMPS,B74F,0,0,2015-08-03 05:25:00.0000000,8561,03R,D3,0,2015-08-03 07:25:00.0000000,8752,03L,D3,1,0,0,NULL,2015-08-03 05:27:00.0000000,2015-08-03 05:25:00.0000000,2015-08-03 05:40:00.0000000,2015-08-03 07:25:00.0000000,2015-08-03 07:36:00.0000000,NULL,2015-08-03 07:55:00.0000000,15,11,EHAM,EHAM,FAJS,FLLS,MP,MP
D3BE8094-8943-443B-AAEE-983A1D1E8E07,ZSVAN,CNA1,11,8.8,2015-08-03 06:05:00.0000000,308,03R,Z9.Je,0,2015-08-03 06:30:00.0000000,308H,03R,Z9.Je,1,0,0,NULL,2015-08-03 06:07:00.0000000,2015-08-03 06:05:00.0000000,2015-08-03 06:13:00.0000000,2015-08-03 06:30:00.0000000,2015-08-03 06:20:00.0000000,NULL,2015-08-03 06:22:00.0000000,8,-10,FAWB,FAWB,FAJS,LOC#,7V,7V
61A0C041-EEFE-4C6C-8540-756C8F78A304,ZSPCM,CNA1,11,8.8,2015-08-03 06:09:00.0000000,208,03R,Z9.Je,0,2015-08-03 06:30:00.0000000,208H,03R,Z9.Je,1,0,0,NULL,2015-08-03 06:08:00.0000000,2015-08-03 06:09:00.0000000,2015-08-03 06:13:00.0000000,2015-08-03 06:30:00.0000000,2015-08-03 06:19:00.0000000,NULL,2015-08-03 06:20:00.0000000,4,-11,FAWB,FAWB,FAJS,LOC#,398,398
157D1CC8-315E-4118-B577-BDE9A129EAAE,ZSSJD,B738,34.3,38.5,2015-08-03 06:20:00.0000000,134,03R,A10,1,2015-08-03 07:00:00.0000000,247,03L,A10,1,1,1,NULL,2015-08-03 05:55:00.0000000,2015-08-03 06:20:00.0000000,2015-08-03 06:01:00.0000000,2015-08-03 07:00:00.0000000,2015-08-03 06:48:00.0000000,NULL,2015-08-03 06:55:00.0000000,-19,-12,FACT,FACT,FAJS,FADN,JE,JE
47306776-DFFF-484A-9684-B5E5D428F218,ZSAAK,J328,26,30,2015-08-03 07:35:00.0000000,101H,03L,Z9.De,0,2015-08-03 07:45:00.0000000,101,03L,Z9.De,1,0,0,NULL,2015-08-03 06:31:00.0000000,2015-08-03 07:35:00.0000000,2015-08-03 06:35:00.0000000,2015-08-03 07:45:00.0000000,2015-08-03 06:47:00.0000000,NULL,2015-08-03 07:01:00.0000000,-60,-58,LOC#,LOC#,FAJS,FATW,AVE,AVE
05D0D2E2-C423-4F1F-93BA-4F9FC07A2C60,ZSLXY,CN20,34.1,31.44,2015-08-04 06:30:00.0000000,402,03R,G4,0,2015-08-04 06:50:00.0000000,402,03L,G4,1,0,0,NULL,2015-08-04 06:13:00.0000000,2015-08-04 06:30:00.0000000,2015-08-04 06:20:00.0000000,2015-08-04 06:50:00.0000000,2015-08-04 07:07:00.0000000,NULL,2015-08-04 07:17:00.0000000,-10,17,FAWB,FAWB,FAJS,FBMN,STE,STE
FC76817A-E2C3-4282-A065-3731A670E06C,MABGM,BE40,0,0,2015-08-04 07:57:00.0000000,BGMH,03L,Z9.Je,0,2015-08-04 08:00:00.0000000,BGM,03L,Z9.Je,3,0,0,NULL,2015-08-04 07:42:00.0000000,2015-08-04 07:57:00.0000000,2015-08-04 07:46:00.0000000,2015-08-04 08:00:00.0000000,2015-08-04 08:00:00.0000000,NULL,2015-08-04 08:03:00.0000000,-11,0,LOC#,LOC#,FAJS,FAPN,1175,1175
D1C0D87F-57EF-48BC-88F9-4FA716DDF218,ZSJMS,C208,0,0,2015-08-05 07:40:00.0000000,304H,21R,Z9.De,0,2015-08-05 07:50:00.0000000,304,21R,Z9.De,1,0,0,NULL,2015-08-05 07:38:00.0000000,2015-08-05 07:40:00.0000000,2015-08-05 07:40:00.0000000,2015-08-05 07:50:00.0000000,2015-08-05 07:50:00.0000000,NULL,2015-08-05 08:00:00.0000000,0,0,LOC#,LOC#,FAJS,FAMK,7V,7V
C9E2FC01-663D-4803-90F4-B54D3DCE3478,ZSOFB,PC12,34.1,31.44,2015-08-05 07:45:00.0000000,893H,21R,Z9.De,0,2015-08-05 07:55:00.0000000,893,21R,Z9.De,1,0,0,NULL,2015-08-05 07:38:00.0000000,2015-08-05 07:45:00.0000000,2015-08-05 07:40:00.0000000,2015-08-05 07:55:00.0000000,2015-08-05 07:55:00.0000000,NULL,2015-08-05 08:01:00.0000000,-5,0,LOC#,LOC#,FAJS,1SAA,7V,7V
B8F83EEA-0820-4334-B47B-57BAE942E731,ZSBBH,E145,20,29.9,2015-08-05 08:10:00.0000000,BBH,21R,Z9.Je,0,2015-08-05 08:25:00.0000000,BBH,21R,Z9.Je,3,0,0,NULL,2015-08-05 08:12:00.0000000,2015-08-05 08:10:00.0000000,2015-08-05 08:14:00.0000000,2015-08-05 08:25:00.0000000,2015-08-05 08:22:00.0000000,NULL,2015-08-05 08:25:00.0000000,4,-3,LOC#,LOC#,FAJS,FAPZ,SET,SET
0F950F80-065F-49F0-9953-521EAB71A4BB,ZSZWA,B738,34.3,38.5,2015-08-05 11:55:00.0000000,124,03R,A13,1,2015-08-05 12:35:00.0000000,901,03L,A13,1,1,1,NULL,2015-08-05 11:38:00.0000000,2015-08-05 11:55:00.0000000,2015-08-05 11:45:00.0000000,2015-08-05 12:35:00.0000000,2015-08-05 12:35:00.0000000,NULL,2015-08-05 12:49:00.0000000,-10,0,FACT,FACT,FAJS,FAGG,MN,MN
69CC056F-4CC0-49C9-BD55-4F07EBF436F6,ZSBBH,E145,20,29.9,2015-08-05 11:55:00.0000000,BBH,03R,Z9.Je,0,2015-08-05 12:55:00.0000000,BBHH,03R,Z9.Je,1,0,0,NULL,2015-08-05 11:42:00.0000000,2015-08-05 11:55:00.0000000,2015-08-05 11:55:00.0000000,2015-08-05 12:55:00.0000000,2015-08-05 12:05:00.0000000,NULL,2015-08-05 12:10:00.0000000,0,-50,FAPZ,FAPZ,FAJS,LOC#,SET,SET
5FB86D33-AB0C-448B-A474-17098D2560E8,ZSPCM,CNA1,11,8.8,2015-08-05 12:30:00.0000000,208H,21R,Z9.Je,0,2015-08-05 13:30:00.0000000,208,21R,Z9.Je,3,0,0,NULL,2015-08-05 12:28:00.0000000,2015-08-05 12:30:00.0000000,2015-08-05 12:36:00.0000000,2015-08-05 13:30:00.0000000,2015-08-05 13:18:00.0000000,NULL,2015-08-05 13:23:00.0000000,6,-12,LOC#,LOC#,FAJS,FAWB,7V,7V
3773DCE6-C764-4688-AFC6-0FFE8B9736F8,ZSZWB,B738,34.3,38.5,2015-08-05 12:45:00.0000000,110,03R,A12,1,2015-08-05 13:25:00.0000000,105,03L,A12,1,1,1,NULL,2015-08-05 12:35:00.0000000,2015-08-05 12:45:00.0000000,2015-08-05 12:42:00.0000000,2015-08-05 13:25:00.0000000,2015-08-05 13:25:00.0000000,NULL,2015-08-05 13:37:00.0000000,-3,0,FACT,FACT,FAJS,FACT,MN,MN
24CD1175-2DED-4751-A387-BCE50374F394,ZSSWV,E135,20,26.3,2015-08-05 13:05:00.0000000,156H,03R,C10,1,2015-08-05 14:00:00.0000000,156,03L,C10,1,1,1,NULL,2015-08-05 12:48:00.0000000,2015-08-05 13:05:00.0000000,2015-08-05 12:55:00.0000000,2015-08-05 14:00:00.0000000,2015-08-05 13:59:00.0000000,NULL,2015-08-05 14:09:00.0000000,-10,-1,LOC#,LOC#,FAJS,FLND,SA8,SA8
C9205ABB-B5EF-4C5B-9C0E-E2682F059044,ZSSNV,E135,20,26.3,2015-08-05 13:30:00.0000000,769H,21L,C10,1,2015-08-05 13:30:00.0000000,769,03L,C10,1,1,1,NULL,2015-08-05 13:04:00.0000000,2015-08-05 13:30:00.0000000,2015-08-05 13:13:00.0000000,2015-08-05 13:30:00.0000000,2015-08-05 13:30:00.0000000,NULL,2015-08-05 13:42:00.0000000,-17,0,LOC#,LOC#,FAJS,FAUP,SA8,SA8
5446FBD6-222B-4A00-A3C0-8738660CD5FF,5YCYD,B738,34.3,38.5,2015-08-05 23:00:00.0000000,764,03L,A6,1,2015-08-05 23:50:00.0000000,765,21L,A6,3,1,1,NULL,2015-08-05 22:59:00.0000000,2015-08-05 23:00:00.0000000,2015-08-05 23:06:00.0000000,2015-08-05 23:50:00.0000000,2015-08-05 23:50:00.0000000,NULL,2015-08-06 00:01:00.0000000,6,0,HKNA,HKNA,FAJS,HKNA,KQ,KQ
F70869B8-5326-4B02-B52D-8463ED8DA609,ZSSYB,E145,20,29.9,2015-08-06 06:50:00.0000000,843H,21R,C10,1,2015-08-06 07:55:00.0000000,843,21R,C10,1,1,1,NULL,2015-08-06 06:28:00.0000000,2015-08-06 06:50:00.0000000,2015-08-06 06:37:00.0000000,2015-08-06 07:55:00.0000000,2015-08-06 08:06:00.0000000,NULL,2015-08-06 08:20:00.0000000,-13,11,LOC#,LOC#,FAJS,FAKN,SA8,SA8
A8870D97-7080-4443-B566-0AC1CA1C76A1,ZSOUV,E135,20,26.3,2015-08-06 07:15:00.0000000,220H,21L,C18,1,2015-08-06 08:35:00.0000000,220,21R,C18,1,1,1,NULL,2015-08-06 07:25:00.0000000,2015-08-06 07:15:00.0000000,2015-08-06 07:37:00.0000000,2015-08-06 08:35:00.0000000,2015-08-06 08:35:00.0000000,NULL,2015-08-06 08:51:00.0000000,22,0,LOC#,LOC#,FAJS,FQTT,SA8,SA8
2008162E-F2CB-491E-A4EF-E5C47A1572DC,ZSJUM,C208,0,0,2015-08-07 07:10:00.0000000,591a,03R,Z9.De,0,2015-08-07 08:10:00.0000000,591AH,03R,Z9.De,1,0,0,NULL,2015-08-07 07:04:00.0000000,2015-08-07 07:10:00.0000000,2015-08-07 07:14:00.0000000,2015-08-07 08:10:00.0000000,2015-08-07 07:22:00.0000000,NULL,2015-08-07 07:25:00.0000000,4,-48,FAGC,FAGC,FAJS,LOC#,7V,7V
4C8064CC-673B-4370-9690-480E64B7D3FF,ZSNYM,PC12,34.1,31.44,2015-08-08 03:10:00.0000000,102H,03L,Z9.Je,0,2015-08-08 03:50:00.0000000,102,03L,Z9.Je,1,0,0,NULL,2015-08-08 03:11:00.0000000,2015-08-08 03:10:00.0000000,2015-08-08 03:15:00.0000000,2015-08-08 03:50:00.0000000,2015-08-08 03:50:00.0000000,NULL,2015-08-08 04:00:00.0000000,5,0,LOC#,LOC#,FAJS,FAHS,1639,1639
867B2FDA-123A-49BC-B473-7AD141B1CA80,ZSVAN,CNA1,11,8.8,2015-08-08 06:26:00.0000000,308,03R,Z9.Je,0,2015-08-08 06:40:00.0000000,308H,03R,Z9.Je,1,0,0,NULL,2015-08-08 06:26:00.0000000,2015-08-08 06:26:00.0000000,2015-08-08 06:33:00.0000000,2015-08-08 06:40:00.0000000,2015-08-08 06:39:00.0000000,NULL,2015-08-08 06:54:00.0000000,7,-1,FAWB,FAWB,FAJS,LOC#,398,398
9C0FA683-B7B6-493A-9BDD-2A493CEB44E9,ZSOIA,CNA1,11,8.8,2015-08-08 07:20:00.0000000,201,03R,G4,0,2015-08-08 08:30:00.0000000,202,03L,G4,1,0,0,NULL,2015-08-08 07:22:00.0000000,2015-08-08 07:20:00.0000000,2015-08-08 07:26:00.0000000,2015-08-08 08:30:00.0000000,2015-08-08 08:45:00.0000000,NULL,2015-08-08 08:55:00.0000000,6,15,FAMM,FAMM,FAJS,FAWB,1342,1342
87ABFF9E-5FC6-4B90-9CF7-EB74F83C10AB,ZSPTE,B200,0,0,2015-08-08 11:22:00.0000000,PTE,21L,Z9.Je,0,2015-08-08 11:42:00.0000000,PTEH,21L,Z9.Je,1,0,0,NULL,2015-08-08 11:23:00.0000000,2015-08-08 11:22:00.0000000,2015-08-08 11:29:00.0000000,2015-08-08 11:42:00.0000000,2015-08-08 11:30:00.0000000,NULL,2015-08-08 11:35:00.0000000,7,-12,FAMM,FAMM,FAJS,LOC#,7V,7V
45D59B38-28A4-4E88-BA23-EA3EAECB138A,HZAKW,B772,60.9,63.7,2015-08-08 11:25:00.0000000,447,21L,A4,1,2015-08-08 13:25:00.0000000,446,21R,A4,1,1,1,NULL,2015-08-08 11:03:00.0000000,2015-08-08 11:25:00.0000000,2015-08-08 11:12:00.0000000,2015-08-08 13:25:00.0000000,2015-08-08 13:25:00.0000000,NULL,2015-08-08 13:47:00.0000000,-13,0,OEJN,OEJN,FAJS,OEJN,SV,SV
9EA8AEB6-3349-44F5-B458-68FEDF0C0720,ZSPGN,PC12,34.1,31.44,2015-08-08 13:00:00.0000000,121,21L,G4,0,2015-08-08 13:30:00.0000000,121,21R,G4,1,0,0,NULL,2015-08-08 13:01:00.0000000,2015-08-08 13:00:00.0000000,2015-08-08 13:07:00.0000000,2015-08-08 13:30:00.0000000,2015-08-08 13:21:00.0000000,NULL,2015-08-08 13:30:00.0000000,7,-9,FAMK,FAMK,FAJS,FAWB,398,398
A2D868CA-43C2-44C4-92CF-35C839A60124,ZSVAN,CNA1,11,8.8,2015-08-08 13:20:00.0000000,705,21L,Z9.Je,0,2015-08-08 14:30:00.0000000,705H,21L,Z9.Je,1,0,0,NULL,2015-08-08 13:15:00.0000000,2015-08-08 13:20:00.0000000,2015-08-08 13:30:00.0000000,2015-08-08 14:30:00.0000000,2015-08-08 13:45:00.0000000,NULL,2015-08-08 13:50:00.0000000,10,-45,FADQ,FADQ,FAJS,LOC#,7V,7V
390A98C4-7AE0-4F71-BFF1-F64B632421E0,N704DK,B772,60.9,63.7,2015-08-08 15:00:00.0000000,200,21L,A1,1,2015-08-08 17:20:00.0000000,201,21R,A1,1,1,1,NULL,2015-08-08 15:07:00.0000000,2015-08-08 15:00:00.0000000,2015-08-08 15:13:00.0000000,2015-08-08 17:20:00.0000000,2015-08-08 17:18:00.0000000,NULL,2015-08-08 17:35:00.0000000,13,-2,KATL,KATL,FAJS,KATL,DL,DL
032B22C2-C188-41CF-B288-B38B217DAC57,PHMPS,B74F,0,0,2015-08-08 15:55:00.0000000,8341,21L,D3A,0,2015-08-08 20:45:00.0000000,8342,21R,D3A,1,0,0,NULL,2015-08-08 15:50:00.0000000,2015-08-08 15:55:00.0000000,2015-08-08 16:01:00.0000000,2015-08-08 20:45:00.0000000,2015-08-08 20:46:00.0000000,NULL,2015-08-08 20:57:00.0000000,6,1,EHAM,EHAM,FAJS,FVHA,MP,MP
63B7E29F-33F0-494C-8189-64E4029177BA,5YCYB,B738,34.3,38.5,2015-08-08 23:00:00.0000000,764,21L,A5,0,2015-08-08 23:50:00.0000000,765,21R,A5,1,0,0,NULL,2015-08-08 23:08:00.0000000,2015-08-08 23:00:00.0000000,2015-08-08 23:18:00.0000000,2015-08-08 23:50:00.0000000,2015-08-09 00:11:00.0000000,NULL,2015-08-09 00:23:00.0000000,18,21,HKNA,HKNA,FAJS,HKNA,KQ,KQ
B5E088C7-F1B4-47E1-9150-2835A283982E,BKQC,B7ER,64.8,73.9,2015-08-09 04:25:00.0000000,749,21L,A5,1,2015-08-09 10:30:00.0000000,748,03L,A5,1,1,1,NULL,2015-08-09 06:19:00.0000000,2015-08-09 04:25:00.0000000,2015-08-09 06:23:00.0000000,2015-08-09 10:30:00.0000000,2015-08-09 10:30:00.0000000,NULL,2015-08-09 10:42:00.0000000,118,0,VHHH,VHHH,FAJS,VHHH,CX,CX
D4190E23-7FC4-4677-85B7-AF627FF0D405,9VSVI,B772,60.9,63.7,2015-08-09 04:55:00.0000000,478,03R,A3,1,2015-08-09 11:45:00.0000000,479,21R,A3,1,1,1,NULL,2015-08-09 04:22:00.0000000,2015-08-09 04:55:00.0000000,2015-08-09 04:35:00.0000000,2015-08-09 11:45:00.0000000,2015-08-09 13:03:00.0000000,NULL,2015-08-09 13:13:00.0000000,-20,78,WSSS,WSSS,FAJS,WSSS,SQ,SQ
28DCD00D-3887-47EA-A9E3-9C18F81C962B,GXLEA,A388,79.8,72.7,2015-08-09 05:10:00.0000000,055,21L,E3,2,2015-08-09 17:20:00.0000000,056,21L,E3,1,2,2,NULL,2015-08-09 06:49:00.0000000,2015-08-09 05:10:00.0000000,2015-08-09 07:00:00.0000000,2015-08-09 17:20:00.0000000,2015-08-09 17:19:00.0000000,NULL,2015-08-09 17:38:00.0000000,110,-1,EGLL,EGLL,FAJS,EGLL,BA,BA
FB98966C-08F4-475A-995B-9E934920736B,SUGCF,A330,60.3,58.8,2015-08-09 05:10:00.0000000,839,21L,A3,1,2015-08-09 19:45:00.0000000,840,21R,A3,1,1,1,NULL,2015-08-09 06:29:00.0000000,2015-08-09 05:10:00.0000000,2015-08-09 06:38:00.0000000,2015-08-09 19:45:00.0000000,2015-08-09 19:45:00.0000000,NULL,2015-08-09 19:55:00.0000000,88,0,HECA,HECA,FAJS,HECA,MS,MS
63898055-A17B-4B6E-B3DB-54FA008BD9C8,LXTCV,B744,59.6,70.6,2015-08-09 06:25:00.0000000,714,21L,D3A,0,2015-08-09 10:20:00.0000000,715,21R,D3A,1,0,0,NULL,2015-08-09 07:12:00.0000000,2015-08-09 06:25:00.0000000,2015-08-09 07:24:00.0000000,2015-08-09 10:20:00.0000000,2015-08-09 10:12:00.0000000,NULL,2015-08-09 10:34:00.0000000,59,-8,ELLX,ELLX,FAJS,FCBB,CV,CV
D74B78ED-A718-4D5B-B453-B10B62AFBE5C,ZWPN,A320,34.1,37.6,2015-08-09 06:45:00.0000000,467,21L,D77,1,2015-08-09 17:00:00.0000000,462,21R,D77,1,1,1,NULL,2015-08-09 06:44:00.0000000,2015-08-09 06:45:00.0000000,2015-08-09 06:54:00.0000000,2015-08-09 17:00:00.0000000,2015-08-09 17:00:00.0000000,NULL,2015-08-09 17:10:00.0000000,9,0,FVHA,FVHA,FAJS,FVHA,UM,UM
B5D1B0AD-0C6B-45FF-8E83-EC69C013AE3E,GCIVE,B747,64.4,70.6,2015-08-09 07:05:00.0000000,057,21L,E6,2,2015-08-09 19:15:00.0000000,054,21L,E6,1,2,2,NULL,2015-08-09 07:11:00.0000000,2015-08-09 07:05:00.0000000,2015-08-09 07:26:00.0000000,2015-08-09 19:15:00.0000000,2015-08-09 19:08:00.0000000,NULL,2015-08-09 19:26:00.0000000,21,-7,EGLL,EGLL,FAJS,EGLL,BA,BA
F14BC495-8D48-4FE6-8DC9-3CF8D28C63A6,ZSSYT,E135,20,26.3,2015-08-09 07:15:00.0000000,081,21L,C13,1,2015-08-09 08:05:00.0000000,082,21R,C13,1,1,1,NULL,2015-08-09 06:50:00.0000000,2015-08-09 07:15:00.0000000,2015-08-09 07:00:00.0000000,2015-08-09 08:05:00.0000000,2015-08-09 07:56:00.0000000,NULL,2015-08-09 08:08:00.0000000,-15,-9,FDSK,FDSK,FAJS,FDSK,SA8,SA8
2D4481BB-202A-4C0F-BDCA-0200582E37A0,ZSTCB,E135,20,26.3,2015-08-09 07:25:00.0000000,836,21L,C12,1,2015-08-09 09:00:00.0000000,767,21R,C12,1,1,1,NULL,2015-08-09 07:15:00.0000000,2015-08-09 07:25:00.0000000,2015-08-09 07:24:00.0000000,2015-08-09 09:00:00.0000000,2015-08-09 08:59:00.0000000,NULL,2015-08-09 09:10:00.0000000,-1,-1,FAKN,FAKN,FAJS,FAUP,SA8,SA8
16CAC1D5-64D6-4AF3-AB7A-77269A08AE81,ZSASX,BA46,26.2,28.6,2015-08-09 07:30:00.0000000,732,03R,C19,1,2015-08-09 07:55:00.0000000,252,03L,C19,1,1,1,NULL,2015-08-09 07:39:00.0000000,2015-08-09 07:30:00.0000000,2015-08-09 07:43:00.0000000,2015-08-09 07:55:00.0000000,2015-08-09 08:40:00.0000000,NULL,2015-08-09 08:50:00.0000000,13,45,FAPM,FAPM,FAJS,FMMI,SA8,SA8
AA871004-40CE-417E-95F7-DFEA98354C85,ZSPKV,B734,28.9,37,2015-08-09 07:30:00.0000000,110,21L,C8,1,2015-08-09 08:25:00.0000000,115,21L,C8,1,1,1,NULL,2015-08-09 07:30:00.0000000,2015-08-09 07:30:00.0000000,2015-08-09 07:38:00.0000000,2015-08-09 08:25:00.0000000,2015-08-09 08:25:00.0000000,NULL,2015-08-09 08:35:00.0000000,8,0,FACT,FACT,FAJS,FACT,S8,S8
242DA21A-1236-4E95-9166-1FBC64F59D40,A2ABR,AT42,0,0,2015-08-09 07:30:00.0000000,207,21L,G6,1,2015-08-09 09:15:00.0000000,212,21R,G6,1,1,1,NULL,2015-08-09 07:26:00.0000000,2015-08-09 07:30:00.0000000,2015-08-09 07:35:00.0000000,2015-08-09 09:15:00.0000000,2015-08-09 09:13:00.0000000,NULL,2015-08-09 09:25:00.0000000,5,-2,FBSK,FBSK,FAJS,FBMN,BP,BP
F6833B61-B427-4075-8547-A18DC0561627,TCJNR,A333,60.3,63.7,2015-08-09 07:50:00.0000000,040,21L,A6,0,2015-08-09 08:50:00.0000000,040,21R,A6,1,0,0,NULL,2015-08-09 07:58:00.0000000,2015-08-09 07:50:00.0000000,2015-08-09 08:10:00.0000000,2015-08-09 08:50:00.0000000,2015-08-09 09:09:00.0000000,NULL,2015-08-09 09:19:00.0000000,20,19,LTBA,LTBA,FAJS,FACT,TK,TK
F342A881-049C-4E07-9005-90270CA91CDC,V5ANN,A319,34.1,33.8,2015-08-09 07:55:00.0000000,723,21L,E11,1,2015-08-09 10:10:00.0000000,724,21R,E11,1,1,1,NULL,2015-08-09 07:44:00.0000000,2015-08-09 07:55:00.0000000,2015-08-09 07:54:00.0000000,2015-08-09 10:10:00.0000000,2015-08-09 10:05:00.0000000,NULL,2015-08-09 10:17:00.0000000,-1,-5,FYWH,FYWH,FAJS,FYWH,SW,SW
9105D627-61D5-40C9-ADCE-F9F3D6E1A746,ZSZWO,B738,34.3,38.5,2015-08-09 08:10:00.0000000,118,21L,A12,1,2015-08-09 08:50:00.0000000,135,21R,A12,1,1,1,NULL,2015-08-09 08:40:00.0000000,2015-08-09 08:10:00.0000000,2015-08-09 08:50:00.0000000,2015-08-09 08:50:00.0000000,2015-08-09 09:20:00.0000000,NULL,2015-08-09 09:33:00.0000000,40,30,FACT,FACT,FAJS,FACT,MN,MN
B8EA8B56-2219-40A7-AE00-BFBE43BD7B49,ETAPL,B738,34.3,38.5,2015-08-09 08:30:00.0000000,024,21L,A9,1,2015-08-09 09:25:00.0000000,027,21R,A9,1,1,1,NULL,2015-08-09 08:10:00.0000000,2015-08-09 08:30:00.0000000,2015-08-09 08:17:00.0000000,2015-08-09 09:25:00.0000000,2015-08-09 09:17:00.0000000,NULL,2015-08-09 09:33:00.0000000,-13,-8,FWLI,FWLI,FAJS,FWCL,3W,3W
3F62D245-4C98-459A-AB91-03D67948474D,ZSZWA,B738,34.3,38.5,2015-08-09 09:00:00.0000000,904,21L,A10,1,2015-08-09 09:40:00.0000000,905,21R,A10,1,1,1,NULL,2015-08-09 08:41:00.0000000,2015-08-09 09:00:00.0000000,2015-08-09 08:49:00.0000000,2015-08-09 09:40:00.0000000,2015-08-09 09:34:00.0000000,NULL,2015-08-09 09:45:00.0000000,-11,-6,FAGG,FAGG,FAJS,FAGG,MN,MN
C64EA821-9756-4021-AF02-D85997992584,DALCG,MD11,34.1,31.44,2015-08-09 09:00:00.0000000,8296,21L,D17,0,2015-08-09 11:00:00.0000000,8297,21R,D17,1,0,0,NULL,2015-08-09 09:08:00.0000000,2015-08-09 09:00:00.0000000,2015-08-09 09:16:00.0000000,2015-08-09 11:00:00.0000000,2015-08-09 11:10:00.0000000,NULL,2015-08-09 11:20:00.0000000,16,10,HKNA,HKNA,FAJS,HKNA,LH,LH
C818961D-C3AC-40D0-A81B-D4135A209660,ZSSNX,E135,20,26.3,2015-08-09 09:05:00.0000000,828,21L,C21,1,2015-08-09 10:15:00.0000000,735,03L,C21,1,1,1,NULL,2015-08-09 08:49:00.0000000,2015-08-09 09:05:00.0000000,2015-08-09 08:57:00.0000000,2015-08-09 10:15:00.0000000,2015-08-09 10:15:00.0000000,NULL,2015-08-09 10:26:00.0000000,-8,0,FAKN,FAKN,FAJS,FAPM,SA8,SA8
4E37404B-96A3-4E73-A24C-AF9D3A06B131,ZSOUV,E135,20,26.3,2015-08-09 09:10:00.0000000,161,21L,C24,1,2015-08-09 09:30:00.0000000,214,21R,C24,1,1,1,NULL,2015-08-09 09:04:00.0000000,2015-08-09 09:10:00.0000000,2015-08-09 09:10:00.0000000,2015-08-09 09:30:00.0000000,2015-08-09 09:30:00.0000000,NULL,2015-08-09 09:45:00.0000000,0,0,FLLS,FLLS,FAJS,FQBR,SA8,SA8
AB262FA9-B997-41F6-8A38-4A7D6B7E45F1,ZSTFL,E135,20,26.3,2015-08-09 09:10:00.0000000,754,03R,B5,1,2015-08-09 11:20:00.0000000,865,21R,B5,1,1,1,NULL,2015-08-09 08:55:00.0000000,2015-08-09 09:10:00.0000000,2015-08-09 09:03:00.0000000,2015-08-09 11:20:00.0000000,2015-08-09 11:14:00.0000000,NULL,2015-08-09 11:24:00.0000000,-7,-6,FAUT,FAUT,FAJS,FASZ,SA8,SA8
CBA82763-41A1-441C-A43C-2962D2367A08,5YKZE,B788,60,56.7,2015-08-09 09:45:00.0000000,760,21L,E3,2,2015-08-09 11:20:00.0000000,761,21L,E3,1,2,2,NULL,2015-08-09 09:42:00.0000000,2015-08-09 09:45:00.0000000,2015-08-09 09:52:00.0000000,2015-08-09 11:20:00.0000000,2015-08-09 11:19:00.0000000,NULL,2015-08-09 11:31:00.0000000,7,-1,HKNA,HKNA,FAJS,HKNA,KQ,KQ
ABC96AC7-106F-4E94-8C27-D1123B02A77D,ZSSYB,E145,20,29.9,2015-08-09 09:55:00.0000000,053,21L,C17,1,2015-08-09 11:00:00.0000000,060,03L,C17,1,1,1,NULL,2015-08-09 09:49:00.0000000,2015-08-09 09:55:00.0000000,2015-08-09 09:59:00.0000000,2015-08-09 11:00:00.0000000,2015-08-09 11:00:00.0000000,NULL,2015-08-09 11:10:00.0000000,4,0,FXMU,FXMU,FAJS,FXMU,SA8,SA8
73D51680-7719-4AF3-A6D0-89ED589E0DCB,ZSSYT,E135,20,26.3,2015-08-09 10:25:00.0000000,083,21L,C18,1,2015-08-09 10:50:00.0000000,084,03L,C18,1,1,1,NULL,2015-08-09 10:09:00.0000000,2015-08-09 10:25:00.0000000,2015-08-09 10:17:00.0000000,2015-08-09 10:50:00.0000000,2015-08-09 10:40:00.0000000,NULL,2015-08-09 10:50:00.0000000,-8,-10,FDSK,FDSK,FAJS,FDSK,SA8,SA8
898CA064-566F-489F-A328-B64CB4BAD82D,A6DDA,777L,30,40,2015-08-09 10:40:00.0000000,956,21L,D25,0,2015-08-09 12:40:00.0000000,956,21R,D25,1,0,0,NULL,2015-08-09 10:56:00.0000000,2015-08-09 10:40:00.0000000,2015-08-09 11:15:00.0000000,2015-08-09 12:40:00.0000000,2015-08-09 13:10:00.0000000,NULL,2015-08-09 13:20:00.0000000,35,30,OMAA,OMAA,FAJS,HKNA,EY,EY
574FDB37-0B3C-467C-AB54-30CD855F7485,ZSZWD,B738,34.3,38.5,2015-08-09 10:55:00.0000000,114,21L,A13,1,2015-08-09 11:35:00.0000000,615,03L,A13,1,1,1,NULL,2015-08-09 10:41:00.0000000,2015-08-09 10:55:00.0000000,2015-08-09 10:48:00.0000000,2015-08-09 11:35:00.0000000,2015-08-09 11:35:00.0000000,NULL,2015-08-09 11:45:00.0000000,-7,0,FACT,FACT,FAJS,FADN,MN,MN
4D2CCF54-E21B-41A5-9060-BA61BE75F08C,ZSNRF,JS41,18.4,19.3,2015-08-09 11:05:00.0000000,810,21L,C9,1,2015-08-09 12:15:00.0000000,817,03L,C9,1,1,1,NULL,2015-08-09 10:56:00.0000000,2015-08-09 11:05:00.0000000,2015-08-09 11:07:00.0000000,2015-08-09 12:15:00.0000000,2015-08-09 12:13:00.0000000,NULL,2015-08-09 12:23:00.0000000,2,-2,FAPI,FAPI,FAJS,FAPI,SA8,SA8
7A92BBE8-C8DE-4860-87E4-1B4379B91F0B,ETANQ,772L,0,0,2015-08-09 11:20:00.0000000,809,21L,E6,2,2015-08-09 12:20:00.0000000,808,21R,E6,1,2,2,NULL,2015-08-09 10:51:00.0000000,2015-08-09 11:20:00.0000000,2015-08-09 11:05:00.0000000,2015-08-09 12:20:00.0000000,2015-08-09 12:45:00.0000000,NULL,2015-08-09 12:55:00.0000000,-15,25,HAAB,HAAB,FAJS,HAAB,ET,ET
49C03E5E-F2A3-4B2C-9DCB-0563D162009E,ZSZWQ,B738,34.3,38.5,2015-08-09 11:45:00.0000000,112,21L,A10,1,2015-08-09 12:25:00.0000000,127,21L,A10,1,1,1,NULL,2015-08-09 11:35:00.0000000,2015-08-09 11:45:00.0000000,2015-08-09 11:44:00.0000000,2015-08-09 12:25:00.0000000,2015-08-09 12:32:00.0000000,NULL,2015-08-09 12:43:00.0000000,-1,7,FACT,FACT,FAJS,FACT,MN,MN
710178EA-7F21-4403-B19B-B1CBD61A78F8,A7BCO,B788,60,56.7,2015-08-09 11:45:00.0000000,1363,21L,A4,1,2015-08-09 13:15:00.0000000,1364,21R,A4,1,1,1,NULL,2015-08-09 11:44:00.0000000,2015-08-09 11:45:00.0000000,2015-08-09 11:58:00.0000000,2015-08-09 13:15:00.0000000,2015-08-09 13:15:00.0000000,NULL,2015-08-09 13:25:00.0000000,13,0,OTBD,OTBD,FAJS,OTBD,QR,QR
B3178335-BB25-4283-A298-E0D215C9C5BF,ZSOAF,B734,28.9,36,2015-08-09 11:55:00.0000000,912,21L,A11,1,2015-08-09 12:55:00.0000000,803,21R,A11,1,1,1,NULL,2015-08-09 11:23:00.0000000,2015-08-09 11:55:00.0000000,2015-08-09 11:31:00.0000000,2015-08-09 12:55:00.0000000,2015-08-09 12:55:00.0000000,NULL,2015-08-09 13:05:00.0000000,-24,0,FAGG,FAGG,FAJS,FAEL,MN,MN
6330CEBF-0A6B-49AF-9690-C5BB9184DE65,ZSDFA,ERJ1,20,28.5,2015-08-09 12:25:00.0000000,842,21L,C22,1,2015-08-09 12:55:00.0000000,062,21R,C22,1,1,1,NULL,2015-08-09 12:06:00.0000000,2015-08-09 12:25:00.0000000,2015-08-09 12:13:00.0000000,2015-08-09 12:55:00.0000000,2015-08-09 12:55:00.0000000,NULL,2015-08-09 13:05:00.0000000,-12,0,FAKN,FAKN,FAJS,FXMU,SA8,SA8
1B6DA120-CF18-4BCA-948D-44FBFD15043F,ZSSSH,BA46,26.2,28.6,2015-08-09 12:25:00.0000000,111,21L,C19,1,2015-08-09 13:30:00.0000000,845,21R,C19,1,1,1,NULL,2015-08-09 12:08:00.0000000,2015-08-09 12:25:00.0000000,2015-08-09 12:17:00.0000000,2015-08-09 13:30:00.0000000,2015-08-09 13:35:00.0000000,NULL,2015-08-09 13:45:00.0000000,-8,5,FVBU,FVBU,FAJS,FAKN,SA8,SA8
EFD8E691-EDB6-470F-9B5F-427BFCBB2A8A,A2ABO,AT45,24.6,22.7,2015-08-09 12:30:00.0000000,205,21L,D14,1,2015-08-09 13:00:00.0000000,206,21R,D14,1,1,1,NULL,2015-08-09 12:19:00.0000000,2015-08-09 12:30:00.0000000,2015-08-09 12:27:00.0000000,2015-08-09 13:00:00.0000000,2015-08-09 12:59:00.0000000,NULL,2015-08-09 13:10:00.0000000,-3,-1,FBSK,FBSK,FAJS,FBSK,BP,BP
D682F496-6DBF-4EE6-A6BD-A50398CBC74E,ZSSNX,E135,20,26.3,2015-08-09 13:05:00.0000000,736,21L,C9,1,2015-08-09 14:05:00.0000000,086,21R,C9,1,1,1,NULL,2015-08-09 12:38:00.0000000,2015-08-09 13:05:00.0000000,2015-08-09 12:43:00.0000000,2015-08-09 14:05:00.0000000,2015-08-09 14:11:00.0000000,NULL,2015-08-09 14:21:00.0000000,-22,6,FAPM,FAPM,FAJS,FDSK,SA8,SA8
400366A3-86C0-4F77-AD6A-B09D65768959,5YKYE,B738,34.3,38.5,2015-08-09 13:15:00.0000000,762,21L,A9,1,2015-08-09 14:20:00.0000000,763,03L,A9,1,1,1,NULL,2015-08-09 13:27:00.0000000,2015-08-09 13:15:00.0000000,2015-08-09 13:40:00.0000000,2015-08-09 14:20:00.0000000,2015-08-09 14:30:00.0000000,NULL,2015-08-09 14:40:00.0000000,25,10,HKNA,HKNA,FAJS,HKNA,KQ,KQ
588B4FA5-EAC6-4C07-B71C-C55ED32991C5,ZSZWO,B738,34.3,38.5,2015-08-09 13:35:00.0000000,130,21L,A12,1,2015-08-09 14:15:00.0000000,633,21R,A12,1,1,1,NULL,2015-08-09 13:50:00.0000000,2015-08-09 13:35:00.0000000,2015-08-09 13:57:00.0000000,2015-08-09 14:15:00.0000000,2015-08-09 14:50:00.0000000,NULL,2015-08-09 15:00:00.0000000,22,35,FACT,FACT,FAJS,FADN,MN,MN
D3FC204C-DF7E-47B5-8F6C-B16AC4CCA62A,A2ABR,AT42,0,0,2015-08-09 14:00:00.0000000,211,21L,D14,1,2015-08-09 14:45:00.0000000,222,21R,D14,1,1,1,NULL,2015-08-09 14:20:00.0000000,2015-08-09 14:00:00.0000000,2015-08-09 14:24:00.0000000,2015-08-09 14:45:00.0000000,2015-08-09 14:55:00.0000000,NULL,2015-08-09 15:05:00.0000000,24,10,FBMN,FBMN,FAJS,FBSK,BP,BP
91CEF54C-62C9-47C8-A66B-8A6E188BFD9E,V5ANM,A319,34.1,33.8,2015-08-09 14:40:00.0000000,727,21L,A7,1,2015-08-09 16:20:00.0000000,728,21R,A7,1,1,1,NULL,2015-08-09 14:33:00.0000000,2015-08-09 14:40:00.0000000,2015-08-09 14:38:00.0000000,2015-08-09 16:20:00.0000000,2015-08-09 16:15:00.0000000,NULL,2015-08-09 16:31:00.0000000,-2,-5,FYWH,FYWH,FAJS,FYWH,SW,SW
4CFD1794-8A36-49F5-9828-20988A2610EB,N701DN,B772,60.9,63.7,2015-08-09 15:00:00.0000000,200,21L,A1,1,2015-08-09 17:20:00.0000000,201,21R,A1,1,1,1,NULL,2015-08-09 14:40:00.0000000,2015-08-09 15:00:00.0000000,2015-08-09 14:46:00.0000000,2015-08-09 17:20:00.0000000,2015-08-09 17:20:00.0000000,NULL,2015-08-09 17:30:00.0000000,-14,0,KATL,KATL,FAJS,KATL,DL,DL
4FCAE8F4-12F7-46FC-A094-10D9DBBD2ED2,VHOEH,B747,64.4,70.6,2015-08-09 15:10:00.0000000,063,21L,A2,1,2015-08-09 17:10:00.0000000,064,21R,A2,1,1,1,NULL,2015-08-09 14:41:00.0000000,2015-08-09 15:10:00.0000000,2015-08-09 14:49:00.0000000,2015-08-09 17:10:00.0000000,2015-08-09 17:10:00.0000000,NULL,2015-08-09 17:28:00.0000000,-21,0,YSSY,YSSY,FAJS,YSSY,QF,QF
370F2C08-4299-4157-980C-7073C3B2C3F8,ETAPL,B738,34.3,38.5,2015-08-09 15:20:00.0000000,026,21L,E13,1,2015-08-09 16:20:00.0000000,025,21R,E13,1,1,1,NULL,2015-08-09 14:57:00.0000000,2015-08-09 15:20:00.0000000,2015-08-09 15:12:00.0000000,2015-08-09 16:20:00.0000000,2015-08-09 16:20:00.0000000,NULL,2015-08-09 16:30:00.0000000,-8,0,FWCL,FWCL,FAJS,FWLI,3W,3W
51B72400-89AB-4FDC-A9B1-1AC6DA490078,TCJNR,A333,60.3,63.7,2015-08-09 15:40:00.0000000,041,21L,B3,2,2015-08-09 16:45:00.0000000,041,03L,B3,1,2,2,NULL,2015-08-09 15:17:00.0000000,2015-08-09 15:40:00.0000000,2015-08-09 15:28:00.0000000,2015-08-09 16:45:00.0000000,2015-08-09 16:43:00.0000000,NULL,2015-08-09 16:53:00.0000000,-12,-2,FACT,FACT,FAJS,LTBA,TK,TK
74CE9C9C-BC0F-4419-B8E2-7407AC611F0A,ZSTFK,E135,20,26.3,2015-08-09 15:45:00.0000000,205,21L,C14,1,2015-08-10 06:30:00.0000000,152,03L,C14,1,1,1,NULL,2015-08-09 15:33:00.0000000,2015-08-09 15:45:00.0000000,2015-08-09 15:38:00.0000000,2015-08-10 06:30:00.0000000,2015-08-10 06:36:00.0000000,NULL,2015-08-10 06:45:00.0000000,-7,6,FQPB,FQPB,FAJS,FLND,SA8,SA8
FDD27E82-D935-442C-A8A3-90C80A58E6CE,V5ANL,A319,34.1,33.8,2015-08-09 17:20:00.0000000,729,21L,B10,1,2015-08-10 04:40:00.0000000,722,21R,B10,1,1,1,NULL,2015-08-09 16:58:00.0000000,2015-08-09 17:20:00.0000000,2015-08-09 17:07:00.0000000,2015-08-10 04:40:00.0000000,2015-08-10 04:34:00.0000000,NULL,2015-08-10 04:43:00.0000000,-13,-6,FYWH,FYWH,FAJS,FYWH,SW,SW
B149F1F3-DF9D-4FA2-B8DD-B7004A75B14B,A2ABR,AT42,0,0,2015-08-09 17:30:00.0000000,217,21L,D15,1,2015-08-09 18:15:00.0000000,202,21R,D15,1,1,1,NULL,2015-08-09 17:10:00.0000000,2015-08-09 17:30:00.0000000,2015-08-09 17:20:00.0000000,2015-08-09 18:15:00.0000000,2015-08-09 18:15:00.0000000,NULL,2015-08-09 18:22:00.0000000,-10,0,FBSK,FBSK,FAJS,FBSK,BP,BP
417847A4-E64E-45AB-9861-050D9637EF25,PHBQB,B772,60.9,63.7,2015-08-09 19:15:00.0000000,591,21R,E3,2,2015-08-09 21:15:00.0000000,592,03L,E3,1,2,2,NULL,2015-08-09 19:18:00.0000000,2015-08-09 19:15:00.0000000,2015-08-09 19:22:00.0000000,2015-08-09 21:15:00.0000000,2015-08-09 21:05:00.0000000,NULL,2015-08-09 21:16:00.0000000,7,-10,EHAM,EHAM,FAJS,EHAM,KL,KL
5D7736D5-C648-4F59-B4E6-47F5DE9F837E,5YKYD,B738,34.3,38.5,2015-08-09 23:00:00.0000000,764,21R,A5,1,2015-08-09 23:50:00.0000000,765,21R,A5,1,1,1,NULL,2015-08-09 23:10:00.0000000,2015-08-09 23:00:00.0000000,2015-08-09 23:14:00.0000000,2015-08-09 23:50:00.0000000,2015-08-10 00:08:00.0000000,NULL,2015-08-10 00:18:00.0000000,14,18,HKNA,HKNA,FAJS,HKNA,KQ,KQ
D73729C3-2C03-4CAA-B2F7-AA9BFEB5169A,PHMPS,B74F,0,0,2015-08-10 05:25:00.0000000,8561,21R,D17,0,2015-08-10 07:25:00.0000000,8752,21R,D17,1,0,0,NULL,2015-08-10 05:38:00.0000000,2015-08-10 05:25:00.0000000,2015-08-10 05:44:00.0000000,2015-08-10 07:25:00.0000000,2015-08-10 07:30:00.0000000,NULL,2015-08-10 07:43:00.0000000,19,5,EHAM,EHAM,FAJS,FLLS,MP,MP
7884DB55-5CF6-44FE-B0F2-F13182191D87,ZSJEM,C208,0,0,2015-08-10 05:45:00.0000000,235,03L,Z9.Je,0,2015-08-10 06:00:00.0000000,235H,03L,Z9.Je,1,0,0,NULL,2015-08-10 05:46:00.0000000,2015-08-10 05:45:00.0000000,2015-08-10 05:53:00.0000000,2015-08-10 06:00:00.0000000,2015-08-10 06:02:00.0000000,NULL,2015-08-10 06:11:00.0000000,8,2,FAJC,FAJC,FAJS,LOC#,JEM,JEM
C41794D2-9C3E-4F4E-B9F0-7C8590CA6FDD,ZSZWC,B738,34.3,38.5,2015-08-10 06:15:00.0000000,636,21R,A11,1,2015-08-10 07:00:00.0000000,133,21R,A11,1,1,1,NULL,2015-08-10 06:00:00.0000000,2015-08-10 06:15:00.0000000,2015-08-10 06:04:00.0000000,2015-08-10 07:00:00.0000000,2015-08-10 06:59:00.0000000,NULL,2015-08-10 07:10:00.0000000,-11,-1,FADN,FADN,FAJS,FACT,MN,MN
C0D231EA-23E4-41ED-BE42-9BE596CF321B,ZSSNX,E135,20,26.3,2015-08-10 07:15:00.0000000,081,21L,C10,1,2015-08-10 07:55:00.0000000,843,21R,C10,1,1,1,NULL,2015-08-10 06:55:00.0000000,2015-08-10 07:15:00.0000000,2015-08-10 07:03:00.0000000,2015-08-10 07:55:00.0000000,2015-08-10 07:49:00.0000000,NULL,2015-08-10 08:01:00.0000000,-12,-6,FDSK,FDSK,FAJS,FAKN,SA8,SA8
7EBB5B99-9956-42E9-959C-10E69856839F,ZSVAN,CNA1,11,8.8,2015-08-10 07:37:00.0000000,308,21L,Z9.Je,0,2015-08-10 07:55:00.0000000,308,21L,Z9.Je,1,0,0,NULL,2015-08-10 07:42:00.0000000,2015-08-10 07:37:00.0000000,2015-08-10 07:47:00.0000000,2015-08-10 07:55:00.0000000,2015-08-10 08:00:00.0000000,NULL,2015-08-10 08:05:00.0000000,10,5,FALA,FALA,FAJS,LOC#,STE,STE
6CA9F293-B256-462C-A227-5061A43CE2E2,ZSPCM,CNA1,11,8.8,2015-08-10 07:40:00.0000000,208,21L,Z9.Je,0,2015-08-10 08:00:00.0000000,208H,21L,Z9.Je,1,0,0,NULL,2015-08-10 07:48:00.0000000,2015-08-10 07:40:00.0000000,2015-08-10 07:54:00.0000000,2015-08-10 08:00:00.0000000,2015-08-10 08:05:00.0000000,NULL,2015-08-10 08:08:00.0000000,14,5,FALA,FALA,FAJS,LOC#,STE,STE
F9627156-2C14-46A4-AFB1-518690394B64,ETARH,B77L,64.8,63.7,2015-08-10 07:45:00.0000000,3809,03L,D25,0,2015-08-11 09:55:00.0000000,3808,21R,D25,1,0,0,NULL,2015-08-11 01:11:00.0000000,2015-08-10 07:45:00.0000000,2015-08-11 01:16:00.0000000,2015-08-11 09:55:00.0000000,2015-08-11 03:36:00.0000000,NULL,2015-08-11 03:42:00.0000000,1051,-379,HAAB,HAAB,FAJS,HAAB,ET,ET